Trade number,Type,Date and time,Signal,Price USD,Size (qty),Size (value),Net PnL USD,Return %,Favorable excursion USD,Favorable excursion %,Adverse excursion USD,Adverse excursion %,Cumulative PnL USD,Cumulative PnL %,Duration (bars)
1,Exit long,2024-01-05 21:30,S2_SL,2026.292,4.8,9824.4528,-98.25,-1.00,20.11,0.20,-98.25,-1.00,-98.25,-0.98,55
1,Entry long,2024-01-04 17:00,S2_LE,2046.761,4.8,9824.4528,-98.25,-1.00,20.11,0.20,-98.25,-1.00,-98.25,-0.98,55
2,Exit long,2024-01-17 01:00,S2_SL,2026.939,4.8,9827.592,-98.28,-1.00,53.78,0.55,-98.28,-1.00,-196.54,-1.97,83
2,Entry long,2024-01-13 03:00,S2_LE,2047.415,4.8,9827.592,-98.28,-1.00,53.78,0.55,-98.28,-1.00,-196.54,-1.97,83
3,Exit long,2024-03-05 18:30,S2_LX_TP1,2126.383,4.7,9798.0477,195.95,2.00,200.5,2.05,-26.75,-0.27,-0.58,-0.01,72
3,Entry long,2024-03-02 04:30,S2_LE,2084.691,4.7,9798.0477,195.95,2.00,200.5,2.05,-26.75,-0.27,-0.58,-0.01,72
4,Exit long,2024-03-08 22:00,S2_LX_TP1,2170.685,4.6,9789.3704,195.78,2.00,263.3,2.69,-22.65,-0.23,195.2,1.95,121
4,Entry long,2024-03-06 07:30,S2_LE,2128.124,4.6,9789.3704,195.78,2.00,263.3,2.69,-22.65,-0.23,195.2,1.95,121
5,Exit long,2024-03-21 06:30,S2_LX_TP1,2207.892,4.6,9957.1646,199.14,2.00,268.22,2.69,-86.94,-0.87,394.34,3.94,246
5,Entry long,2024-03-13 21:30,S2_LE,2164.601,4.6,9957.1646,199.14,2.00,268.22,2.69,-86.94,-0.87,394.34,3.94,246
6,Exit long,2024-03-21 22:00,S2_SL,2177.009,4.5,9895.5045,-98.96,-1.00,60.53,0.61,-98.96,-1.00,295.37,2.95,26
6,Entry long,2024-03-21 09:00,S2_LE,2199.001,4.5,9895.5045,-98.96,-1.00,60.53,0.61,-98.96,-1.00,295.37,2.95,26
7,Exit long,2024-03-29 01:00,S2_LX_TP1,2217.566,4.5,9783.387,195.66,2.00,231.43,2.37,-30.99,-0.32,491.03,4.91,135
7,Entry long,2024-03-26 02:30,S2_LE,2174.086,4.5,9783.387,195.66,2.00,231.43,2.37,-30.99,-0.32,491.03,4.91,135
8,Exit long,2024-04-02 22:00,S2_LX_TP1,2264.792,4.5,9991.737,199.83,2.00,208.86,2.09,-11.53,-0.12,690.86,6.91,82
8,Entry long,2024-03-29 03:00,S2_LE,2220.386,4.5,9991.737,199.83,2.00,208.86,2.09,-11.53,-0.12,690.86,6.91,82
9,Exit long,2024-04-08 13:30,S2_LX_TP1,2336.519,4.3,9850.0358,197,2.00,272.34,2.76,-16.8,-0.17,887.85,8.88,31
9,Entry long,2024-04-05 21:00,S2_LE,2290.706,4.3,9850.0358,197,2.00,272.34,2.76,-16.8,-0.17,887.85,8.88,31
10,Exit long,2024-04-12 11:30,S2_LX_TP1,2385.703,4.2,9823.4892,196.46,2.00,237.06,2.41,-5.88,-0.06,1084.32,10.84,23
10,Entry long,2024-04-11 23:00,S2_LE,2338.926,4.2,9823.4892,196.46,2.00,237.06,2.41,-5.88,-0.06,1084.32,10.84,23
11,Exit long,2024-04-13 00:30,S2_SL,2372.654,4.1,9826.1502,-98.27,-1.00,144.15,1.47,-98.27,-1.00,986.05,9.86,15
11,Entry long,2024-04-12 17:00,S2_LE,2396.622,4.1,9826.1502,-98.27,-1.00,144.15,1.47,-98.27,-1.00,986.05,9.86,15
12,Exit long,2024-04-15 22:00,S2_SL,2328.065,4.2,9876.6444,-98.77,-1.00,40.52,0.41,-98.77,-1.00,887.28,8.87,10
12,Entry long,2024-04-15 17:00,S2_LE,2351.582,4.2,9876.6444,-98.77,-1.00,40.52,0.41,-98.77,-1.00,887.28,8.87,10
13,Exit long,2024-04-18 00:30,S2_SL,2362.133,4.1,9782.5754,-97.83,-1.00,50.13,0.51,-97.83,-1.00,789.45,7.89,69
13,Entry long,2024-04-16 13:00,S2_LE,2385.994,4.1,9782.5754,-97.83,-1.00,50.13,0.51,-97.83,-1.00,789.45,7.89,69
14,Exit long,2024-04-22 14:30,S2_SL,2351.339,4.2,9975.3822,-99.76,-1.00,179.75,1.80,-99.76,-1.00,689.69,6.90,96
14,Entry long,2024-04-18 12:30,S2_LE,2375.091,4.2,9975.3822,-99.76,-1.00,179.75,1.80,-99.76,-1.00,689.69,6.90,96
15,Exit long,2024-04-30 21:00,S2_SL,2303.581,4.2,9772.7742,-97.73,-1.00,107.94,1.10,-97.73,-1.00,591.96,5.92,196
15,Entry long,2024-04-24 15:00,S2_LE,2326.851,4.2,9772.7742,-97.73,-1.00,107.94,1.10,-97.73,-1.00,591.96,5.92,196
16,Exit long,2024-05-09 22:30,S2_LX_TP1,2331.567,4.3,9829.1593,196.58,2.00,227.69,2.32,-37.72,-0.38,788.53,7.89,289
16,Entry long,2024-05-01 16:00,S2_LE,2285.851,4.3,9829.1593,196.58,2.00,227.69,2.32,-37.72,-0.38,788.53,7.89,289
17,Exit long,2024-05-15 23:30,S2_LX_TP1,2379.956,4.2,9799.8264,195.99,2.00,220.32,2.25,-21.83,-0.22,984.52,9.85,185
17,Entry long,2024-05-09 23:00,S2_LE,2333.292,4.2,9799.8264,195.99,2.00,220.32,2.25,-21.83,-0.22,984.52,9.85,185
18,Exit long,2024-05-20 14:30,S2_LX_TP1,2437.894,4.1,9799.3854,195.98,2.00,246.02,2.51,-79.52,-0.81,1180.5,11.81,100
18,Entry long,2024-05-16 10:30,S2_LE,2390.094,4.1,9799.3854,195.98,2.00,246.02,2.51,-79.52,-0.81,1180.5,11.81,100
19,Exit long,2024-06-07 13:00,S2_LX_TP1,2383.434,4.2,9814.1442,196.28,2.00,214.24,2.18,-93.66,-0.95,1376.78,13.77,418
19,Entry long,2024-05-27 08:30,S2_LE,2336.701,4.2,9814.1442,196.28,2.00,214.24,2.18,-93.66,-0.95,1376.78,13.77,418
20,Exit long,2024-06-20 23:00,S2_LX_TP1,2351.662,4.3,9913.8736,198.27,2.00,257.91,2.60,-43.68,-0.44,1575.05,15.75,365
20,Entry long,2024-06-10 22:00,S2_LE,2305.552,4.3,9913.8736,198.27,2.00,257.91,2.60,-43.68,-0.44,1575.05,15.75,365
21,Exit long,2024-06-21 21:30,S2_SL,2335.944,4.2,9910.0722,-99.11,-1.00,38.64,0.39,-99.11,-1.00,1475.95,14.76,23
21,Entry long,2024-06-21 10:00,S2_LE,2359.541,4.2,9910.0722,-99.11,-1.00,38.64,0.39,-99.11,-1.00,1475.95,14.76,23
22,Exit long,2024-06-26 21:00,S2_SL,2302.507,4.2,9768.2172,-97.69,-1.00,47.69,0.49,-97.69,-1.00,1378.26,13.78,68
22,Entry long,2024-06-25 10:00,S2_LE,2325.766,4.2,9768.2172,-97.69,-1.00,47.69,0.49,-97.69,-1.00,1378.26,13.78,68
23,Exit long,2024-07-03 16:00,S2_LX_TP1,2344.969,4.3,9885.6613,197.71,2.00,207.38,2.10,-12,-0.12,1575.96,15.76,192
23,Entry long,2024-06-27 12:00,S2_LE,2298.991,4.3,9885.6613,197.71,2.00,207.38,2.10,-12,-0.12,1575.96,15.76,192
24,Exit long,2024-07-11 23:00,S2_LX_TP1,2413.136,4.2,9936.4482,198.72,2.00,219.07,2.20,-75.73,-0.76,1774.69,17.75,190
24,Entry long,2024-07-05 20:00,S2_LE,2365.821,4.2,9936.4482,198.72,2.00,219.07,2.20,-75.73,-0.76,1774.69,17.75,190
25,Exit long,2024-07-16 23:30,S2_LX_TP1,2459.73,4.1,9887.1541,197.74,2.00,209.1,2.11,-43.46,-0.44,1972.43,19.72,67
25,Entry long,2024-07-15 13:00,S2_LE,2411.501,4.1,9887.1541,197.74,2.00,209.1,2.11,-43.46,-0.44,1972.43,19.72,67
26,Exit long,2024-07-19 03:00,S2_SL,2442.904,4,9870.324,-98.71,-1.00,64.72,0.66,-98.71,-1.00,1873.72,18.74,83
26,Entry long,2024-07-17 08:30,S2_LE,2467.581,4,9870.324,-98.71,-1.00,64.72,0.66,-98.71,-1.00,1873.72,18.74,83
27,Exit long,2024-07-25 09:30,S2_SL,2370.822,4.1,9818.5611,-98.19,-1.00,152.68,1.56,-98.19,-1.00,1775.53,17.76,104
27,Entry long,2024-07-23 02:30,S2_LE,2394.771,4.1,9818.5611,-98.19,-1.00,152.68,1.56,-98.19,-1.00,1775.53,17.76,104
28,Exit long,2024-08-01 16:30,S2_LX_TP1,2435.899,4.2,9933.273,297.5,3.00,391.84,3.94,-1.11,-0.01,2073.03,20.73,198
28,Entry long,2024-07-26 09:30,S2_LE,2365.065,4.2,9933.273,297.5,3.00,391.84,3.94,-1.11,-0.01,2073.03,20.73,198
29,Exit long,2024-08-05 18:30,S2_SL,2413.632,4.1,9995.8574,-99.97,-1.00,85.41,0.85,-99.97,-1.00,1973.06,19.73,16
29,Entry long,2024-08-05 10:30,S2_LE,2438.014,4.1,9995.8574,-99.97,-1.00,85.41,0.85,-99.97,-1.00,1973.06,19.73,16
30,Exit long,2024-08-12 21:00,S2_LX_TP1,2444.047,4.1,9824.1166,196.48,2.00,206.82,2.11,-0.004,0.00,2169.54,21.70,98
30,Entry long,2024-08-08 18:00,S2_LE,2396.126,4.1,9824.1166,196.48,2.00,206.82,2.11,-0.004,0.00,2169.54,21.70,98
31,Exit long,2024-08-17 03:30,S2_LX_TP1,2504.497,4,9821.564,196.42,2.00,203.72,2.07,-20.76,-0.21,2365.96,23.66,49
31,Entry long,2024-08-16 02:00,S2_LE,2455.391,4,9821.564,196.42,2.00,203.72,2.07,-20.76,-0.21,2365.96,23.66,49
32,Exit long,2024-08-22 22:00,S2_SL,2478.969,3.9,9765.6429,-97.66,-1.00,107.87,1.10,-97.66,-1.00,2268.3,22.68,134
32,Entry long,2024-08-20 00:00,S2_LE,2504.011,3.9,9765.6429,-97.66,-1.00,107.87,1.10,-97.66,-1.00,2268.3,22.68,134
33,Exit long,2024-09-16 18:30,S2_LX_TP1,2578.034,4,9959.364,352.77,3.54,399.36,4.01,-73.36,-0.74,2621.07,26.21,746
33,Entry long,2024-08-23 11:00,S2_LE,2489.841,4,9959.364,352.77,3.54,399.36,4.01,-73.36,-0.74,2621.07,26.21,746
34,Exit long,2024-09-19 03:30,S2_SL,2547.121,3.8,9776.8338,-97.77,-1.00,103.7,1.06,-97.77,-1.00,2523.3,25.23,34
34,Entry long,2024-09-18 10:30,S2_LE,2572.851,3.8,9776.8338,-97.77,-1.00,103.7,1.06,-97.77,-1.00,2523.3,25.23,34
35,Exit long,2024-09-20 21:00,S2_LX_TP1,2613.852,3.9,9994.1439,199.88,2.00,221.36,2.21,-2.79,-0.03,2723.18,27.23,63
35,Entry long,2024-09-19 12:30,S2_LE,2562.601,3.9,9994.1439,199.88,2.00,221.36,2.21,-2.79,-0.03,2723.18,27.23,63
36,Exit long,2024-09-30 19:00,S2_SL,2634.884,3.7,9847.5537,-98.48,-1.00,89.09,0.90,-98.48,-1.00,2624.69,26.25,109
36,Entry long,2024-09-26 10:30,S2_LE,2661.501,3.7,9847.5537,-98.48,-1.00,89.09,0.90,-98.48,-1.00,2624.69,26.25,109
37,Exit long,2024-10-04 20:30,S2_SL,2636.726,3.7,9854.4357,-98.55,-1.00,36.18,0.37,-98.55,-1.00,2526.15,25.26,131
37,Entry long,2024-10-02 00:00,S2_LE,2663.361,3.7,9854.4357,-98.55,-1.00,36.18,0.37,-98.55,-1.00,2526.15,25.26,131
38,Exit long,2024-10-16 22:30,S2_LX_TP1,2671.236,3.8,9951.668,199.03,2.00,252.89,2.54,-64.79,-0.65,2725.17,27.25,233
38,Entry long,2024-10-09 21:00,S2_LE,2618.86,3.8,9951.668,199.03,2.00,252.89,2.54,-64.79,-0.65,2725.17,27.25,233
39,Exit long,2024-10-23 03:30,S2_LX_TP1,2746.909,3.7,9964.3775,199.19,2.00,204.48,2.05,-34.34,-0.34,2924.36,29.24,146
39,Entry long,2024-10-17 23:30,S2_LE,2693.075,3.7,9964.3775,199.19,2.00,204.48,2.05,-34.34,-0.34,2924.36,29.24,146
40,Exit long,2024-11-06 14:00,S2_SL,2717.243,3.6,9880.8876,-98.81,-1.00,163.36,1.65,-98.81,-1.00,2825.55,28.26,341
40,Entry long,2024-10-26 02:30,S2_LE,2744.691,3.6,9880.8876,-98.81,-1.00,163.36,1.65,-98.81,-1.00,2825.55,28.26,341
41,Exit long,2024-11-14 00:30,S2_SL,2585.34,3.8,9923.5328,-99.24,-1.00,28.06,0.28,-99.24,-1.00,2726.31,27.26,51
41,Entry long,2024-11-12 22:00,S2_LE,2611.456,3.8,9923.5328,-99.24,-1.00,28.06,0.28,-99.24,-1.00,2726.31,27.26,51
42,Exit long,2024-11-19 11:30,S2_LX_TP1,2623.979,3.8,9775.614,195.51,2.00,201.55,2.06,-69.14,-0.71,2921.81,29.22,104
42,Entry long,2024-11-15 04:30,S2_LE,2572.53,3.8,9775.614,195.51,2.00,201.55,2.06,-69.14,-0.71,2921.81,29.22,104
43,Exit long,2024-11-22 18:00,S2_LX_TP1,2702.796,3.7,9804.2637,196.08,2.00,213.38,2.18,-16.67,-0.17,3117.89,31.18,79
43,Entry long,2024-11-21 00:30,S2_LE,2649.801,3.7,9804.2637,196.08,2.00,213.38,2.18,-16.67,-0.17,3117.89,31.18,79
44,Exit long,2024-11-25 11:00,S2_SL,2690.661,3.6,9784.2276,-97.85,-1.00,12.85,0.13,-97.85,-1.00,3020.05,30.20,7
44,Entry long,2024-11-25 07:30,S2_LE,2717.841,3.6,9784.2276,-97.85,-1.00,12.85,0.13,-97.85,-1.00,3020.05,30.20,7
45,Exit long,2024-12-11 12:30,S2_LX_TP1,2684.384,3.8,9996.0178,204.64,2.05,280.52,2.81,-68.19,-0.68,3224.69,32.25,483
45,Entry long,2024-11-26 19:30,S2_LE,2630.531,3.8,9996.0178,204.64,2.05,280.52,2.81,-68.19,-0.68,3224.69,32.25,483
46,Exit long,2025-01-03 01:00,S2_LX_TP1,2658.353,3.8,9903.674,198.07,2.00,206.3,2.08,-39.23,-0.40,3422.75,34.23,334
46,Entry long,2024-12-20 16:00,S2_LE,2606.23,3.8,9903.674,198.07,2.00,206.3,2.08,-39.23,-0.40,3422.75,34.23,334
47,Exit long,2025-01-11 00:00,S2_LX_TP1,2689.332,3.7,9755.4237,195.1,2.00,226.63,2.32,-14.16,-0.15,3617.86,36.18,180
47,Entry long,2025-01-07 02:00,S2_LE,2636.601,3.7,9755.4237,195.1,2.00,226.63,2.32,-14.16,-0.15,3617.86,36.18,180
48,Exit long,2025-01-21 11:00,S2_LX_TP1,2722.686,3.7,9876.4137,197.52,2.00,213.45,2.16,-0.28,0.00,3815.38,38.15,194
48,Entry long,2025-01-15 02:30,S2_LE,2669.301,3.7,9876.4137,197.52,2.00,213.45,2.16,-0.28,0.00,3815.38,38.15,194
49,Exit long,2025-02-04 21:30,S2_LX_TP1,2830.653,3.6,9990.5436,199.81,2.00,223.09,2.23,-11.76,-0.12,4015.19,40.15,146
49,Entry long,2025-01-30 17:30,S2_LE,2775.151,3.6,9990.5436,199.81,2.00,223.09,2.23,-11.76,-0.12,4015.19,40.15,146
50,Exit long,2025-02-11 10:30,S2_LX_TP1,2915.218,3.4,9717.3972,194.34,2.00,287.82,2.96,-81.95,-0.84,4209.53,42.10,174
50,Entry long,2025-02-05 15:30,S2_LE,2858.058,3.4,9717.3972,194.34,2.00,287.82,2.96,-81.95,-0.84,4209.53,42.10,174
51,Exit long,2025-02-20 17:30,S2_LX_TP1,2950.319,3.4,9834.4014,196.68,2.00,212.41,2.16,-53.26,-0.54,4406.22,44.06,259
51,Entry long,2025-02-12 23:30,S2_LE,2892.471,3.4,9834.4014,196.68,2.00,212.41,2.16,-53.26,-0.54,4406.22,44.06,259
52,Exit long,2025-02-25 23:30,S2_SL,2901.68,3.4,9965.3694,-99.66,-1.00,85.54,0.86,-99.66,-1.00,4306.56,43.07,95
52,Entry long,2025-02-21 22:00,S2_LE,2930.991,3.4,9965.3694,-99.66,-1.00,85.54,0.86,-99.66,-1.00,4306.56,43.07,95
53,Exit long,2025-02-27 16:00,S2_SL,2884.075,3.4,9904.9106,-99.06,-1.00,25.46,0.26,-99.06,-1.00,4207.51,42.08,30
53,Entry long,2025-02-27 00:00,S2_LE,2913.209,3.4,9904.9106,-99.06,-1.00,25.46,0.26,-99.06,-1.00,4207.51,42.08,30
54,Exit long,2025-03-11 01:30,S2_SL,2888.025,3.4,9918.4732,-99.19,-1.00,44.83,0.45,-99.19,-1.00,4108.32,41.08,179
54,Entry long,2025-03-05 05:00,S2_LE,2917.198,3.4,9918.4732,-99.19,-1.00,44.83,0.45,-99.19,-1.00,4108.32,41.08,179
55,Exit long,2025-03-14 23:00,S2_LX_TP1,2980.739,3.4,9827.9754,306.54,3.12,388.82,3.96,-3.08,-0.03,4414.85,44.15,164
55,Entry long,2025-03-11 10:00,S2_LE,2890.581,3.4,9827.9754,306.54,3.12,388.82,3.96,-3.08,-0.03,4414.85,44.15,164
56,Exit long,2025-03-21 13:30,S2_SL,3022.448,3.2,9769.5328,-97.7,-1.00,14.5,0.15,-97.7,-1.00,4317.16,43.17,55
56,Entry long,2025-03-20 09:00,S2_LE,3052.979,3.2,9769.5328,-97.7,-1.00,14.5,0.15,-97.7,-1.00,4317.16,43.17,55
57,Exit long,2025-04-03 20:00,S2_SL,3080.998,3.2,9958.7872,-99.59,-1.00,177.98,1.79,-99.59,-1.00,4217.56,42.18,151
57,Entry long,2025-03-31 13:30,S2_LE,3112.121,3.2,9958.7872,-99.59,-1.00,177.98,1.79,-99.59,-1.00,4217.56,42.18,151
58,Exit long,2025-04-07 22:30,S2_SL,3000.853,3.2,9699.7312,-97,-1.00,22.06,0.23,-97,-1.00,4120.56,41.21,3
58,Entry long,2025-04-07 21:00,S2_LE,3031.166,3.2,9699.7312,-97,-1.00,22.06,0.23,-97,-1.00,4120.56,41.21,3
59,Exit long,2025-04-09 01:00,S2_SL,2977.335,3.3,9924.4563,-99.25,-1.00,50.44,0.51,-99.25,-1.00,4021.31,40.21,16
59,Entry long,2025-04-08 17:00,S2_LE,3007.411,3.3,9924.4563,-99.25,-1.00,50.44,0.51,-99.25,-1.00,4021.31,40.21,16
60,Exit long,2025-04-11 07:00,S2_LX_TP1,3184.705,3.2,9991.2352,199.82,2.00,218.87,2.19,-61.11,-0.61,4221.13,42.21,32
60,Entry long,2025-04-10 14:00,S2_LE,3122.261,3.2,9991.2352,199.82,2.00,218.87,2.19,-61.11,-0.61,4221.13,42.21,32
61,Exit long,2025-04-11 13:30,S2_SL,3186.849,3.1,9979.0271,-99.8,-1.00,3.35,0.03,-99.8,-1.00,4121.33,41.21,4
61,Entry long,2025-04-11 11:30,S2_LE,3219.041,3.1,9979.0271,-99.8,-1.00,3.35,0.03,-99.8,-1.00,4121.33,41.21,4
62,Exit long,2025-04-16 12:00,S2_LX_TP1,3277.249,3.1,9960.2721,199.2,2.00,219.48,2.20,-10.25,-0.10,4320.53,43.21,55
62,Entry long,2025-04-15 07:30,S2_LE,3212.991,3.1,9960.2721,199.2,2.00,219.48,2.20,-10.25,-0.10,4320.53,43.21,55
63,Exit long,2025-04-22 15:00,S2_LX_TP1,3462.63,2.9,9844.7373,196.89,2.00,305.61,3.10,-25.06,-0.25,4517.42,45.17,40
63,Entry long,2025-04-21 18:00,S2_LE,3394.737,2.9,9844.7373,196.89,2.00,305.61,3.10,-25.06,-0.25,4517.42,45.17,40
64,Exit long,2025-04-23 21:30,S2_SL,3282.596,3,9947.265,-99.48,-1.00,74.24,0.75,-99.48,-1.00,4417.95,44.18,10
64,Entry long,2025-04-23 16:30,S2_LE,3315.755,3,9947.265,-99.48,-1.00,74.24,0.75,-99.48,-1.00,4417.95,44.18,10
65,Exit long,2025-04-25 13:30,S2_SL,3293.67,3,9980.823,-99.81,-1.00,131.56,1.32,-99.81,-1.00,4318.13,43.18,49
65,Entry long,2025-04-24 12:00,S2_LE,3326.941,3,9980.823,-99.81,-1.00,131.56,1.32,-99.81,-1.00,4318.13,43.18,49
66,Exit long,2025-04-29 02:30,S2_LX_TP1,3348.18,3,9847.593,196.95,2.00,202.5,2.06,-28.53,-0.29,4515.08,45.15,19
66,Entry long,2025-04-28 17:00,S2_LE,3282.531,3,9847.593,196.95,2.00,202.5,2.06,-28.53,-0.29,4515.08,45.15,19
67,Exit long,2025-04-30 16:00,S2_SL,3283.136,3,9948.903,-99.49,-1.00,35.19,0.35,-99.49,-1.00,4415.59,44.16,17
67,Entry long,2025-04-30 07:30,S2_LE,3316.301,3,9948.903,-99.49,-1.00,35.19,0.35,-99.49,-1.00,4415.59,44.16,17
68,Exit long,2025-05-01 20:00,S2_SL,3202.798,3,9705.453,-97.06,-1.00,3.19,0.03,-97.06,-1.00,4318.53,43.19,6
68,Entry long,2025-05-01 17:00,S2_LE,3235.151,3,9705.453,-97.06,-1.00,3.19,0.03,-97.06,-1.00,4318.53,43.19,6
69,Exit long,2025-05-07 06:00,S2_LX_TP2,3385.064,3.1,9965.2445,528.45,5.30,694.96,6.97,-6.35,-0.06,4846.98,48.47,144
69,Entry long,2025-05-02 02:00,S2_LE,3214.595,3.1,9965.2445,528.45,5.30,694.96,6.97,-6.35,-0.06,4846.98,48.47,144
70,Exit long,2025-05-09 10:00,S2_SL,3282.864,3,9948.078,-99.49,-1.00,21.16,0.21,-99.49,-1.00,4747.5,47.47,4
70,Entry long,2025-05-09 08:00,S2_LE,3316.026,3,9948.078,-99.49,-1.00,21.16,0.21,-99.49,-1.00,4747.5,47.47,4
71,Exit long,2025-05-12 06:00,S2_SL,3297.575,2.9,9681.9429,-118.98,-1.23,4.06,0.04,-118.98,-1.23,4628.52,46.29,4
71,Entry long,2025-05-10 03:00,S2_LE,3338.601,2.9,9681.9429,-118.98,-1.23,4.06,0.04,-118.98,-1.23,4628.52,46.29,4
72,Exit long,2025-05-14 20:00,S2_SL,3210.593,3,9729.075,-97.3,-1.00,67.46,0.69,-97.3,-1.00,4531.22,45.31,87
72,Entry long,2025-05-12 22:30,S2_LE,3243.025,3,9729.075,-97.3,-1.00,67.46,0.69,-97.3,-1.00,4531.22,45.31,87
73,Exit long,2025-05-15 22:30,S2_LX_TP1,3205.059,3.1,9740.8696,194.81,2.00,201.2,2.07,-10.85,-0.11,4726.04,47.26,13
73,Entry long,2025-05-15 16:00,S2_LE,3142.216,3.1,9740.8696,194.81,2.00,201.2,2.07,-10.85,-0.11,4726.04,47.26,13
74,Exit long,2025-05-16 18:30,S2_SL,3188.918,3.1,9985.5061,-99.86,-1.00,95.85,0.96,-99.86,-1.00,4626.18,46.26,31
74,Entry long,2025-05-16 02:00,S2_LE,3221.131,3.1,9985.5061,-99.86,-1.00,95.85,0.96,-99.86,-1.00,4626.18,46.26,31
75,Exit long,2025-05-21 04:00,S2_LX_TP1,3292.962,3,9685.188,193.7,2.00,201.97,2.09,-72.57,-0.75,4819.87,48.20,80
75,Entry long,2025-05-19 11:00,S2_LE,3228.396,3,9685.188,193.7,2.00,201.97,2.09,-72.57,-0.75,4819.87,48.20,80
76,Exit long,2025-05-22 19:00,S2_SL,3286.819,3,9960.063,-99.61,-1.00,76.14,0.76,-99.61,-1.00,4720.27,47.20,54
76,Entry long,2025-05-21 15:00,S2_LE,3320.021,3,9960.063,-99.61,-1.00,76.14,0.76,-99.61,-1.00,4720.27,47.20,54
77,Exit long,2025-05-29 07:00,S2_SL,3271.973,3,9915.075,-99.16,-1.00,182.72,1.84,-99.16,-1.00,4621.11,46.21,173
77,Entry long,2025-05-23 10:00,S2_LE,3305.025,3,9915.075,-99.16,-1.00,182.72,1.84,-99.16,-1.00,4621.11,46.21,173
78,Exit long,2025-06-03 11:30,S2_LX_TP1,3362.994,3,9817.383,271.6,2.77,358.92,3.66,-13.94,-0.14,4892.71,48.93,133
78,Entry long,2025-05-29 14:00,S2_LE,3272.461,3,9817.383,271.6,2.77,358.92,3.66,-13.94,-0.14,4892.71,48.93,133
79,Exit long,2025-06-06 22:00,S2_SL,3326.261,2.9,9743.5969,-97.44,-1.00,126.38,1.30,-97.44,-1.00,4795.27,47.95,120
79,Entry long,2025-06-04 08:00,S2_LE,3359.861,2.9,9743.5969,-97.44,-1.00,126.38,1.30,-97.44,-1.00,4795.27,47.95,120
80,Exit long,2025-06-16 13:30,S2_LX_TP1,3418.779,3,9989.193,267.14,2.67,368.31,3.69,-43.46,-0.44,5062.42,50.62,175
80,Entry long,2025-06-10 18:00,S2_LE,3329.731,3,9989.193,267.14,2.67,368.31,3.69,-43.46,-0.44,5062.42,50.62,175
81,Exit long,2025-06-19 14:00,S2_SL,3353.738,2.9,9824.0864,-98.25,-1.00,36.03,0.37,-98.25,-1.00,4964.17,49.64,79
81,Entry long,2025-06-17 20:30,S2_LE,3387.616,2.9,9824.0864,-98.25,-1.00,36.03,0.37,-98.25,-1.00,4964.17,49.64,79
82,Exit long,2025-06-27 11:00,S2_SL,3300.719,2.9,9668.7769,-96.69,-1.00,47.21,0.49,-96.69,-1.00,4867.48,48.67,83
82,Entry long,2025-06-25 15:30,S2_LE,3334.061,2.9,9668.7769,-96.69,-1.00,47.21,0.49,-96.69,-1.00,4867.48,48.67,83
83,Exit long,2025-07-07 10:30,S2_SL,3306.065,2.9,9684.4369,-96.85,-1.00,76.09,0.79,-96.85,-1.00,4770.63,47.71,165
83,Entry long,2025-07-01 16:00,S2_LE,3339.461,2.9,9684.4369,-96.85,-1.00,76.09,0.79,-96.85,-1.00,4770.63,47.71,165
84,Exit long,2025-07-22 01:00,S2_LX_TP1,3391.806,3,9975.903,199.52,2.00,228.48,2.29,-47.18,-0.47,4970.14,49.70,335
84,Entry long,2025-07-10 18:30,S2_LE,3325.301,3,9975.903,199.52,2.00,228.48,2.29,-47.18,-0.47,4970.14,49.70,335
85,Exit long,2025-07-24 20:00,S2_SL,3361.059,2.9,9845.5319,-98.46,-1.00,127.34,1.29,-98.46,-1.00,4871.68,48.72,115
85,Entry long,2025-07-22 08:30,S2_LE,3395.011,2.9,9845.5319,-98.46,-1.00,127.34,1.29,-98.46,-1.00,4871.68,48.72,115
86,Exit long,2025-07-31 02:30,S2_SL,3284.204,3,9952.137,-99.52,-1.00,50.22,0.50,-99.52,-1.00,4772.16,47.72,72
86,Entry long,2025-07-29 13:30,S2_LE,3317.379,3,9952.137,-99.52,-1.00,50.22,0.50,-99.52,-1.00,4772.16,47.72,72
87,Exit long,2025-08-12 19:30,S2_SL,3338.57,2.9,9779.6526,-97.8,-1.00,106.56,1.09,-97.8,-1.00,4674.36,46.74,160
87,Entry long,2025-08-07 08:30,S2_LE,3372.294,2.9,9779.6526,-97.8,-1.00,106.56,1.09,-97.8,-1.00,4674.36,46.74,160
88,Exit long,2025-08-20 00:30,S2_SL,3318.41,2.9,9720.5999,-97.21,-1.00,66.29,0.68,-97.21,-1.00,4577.15,45.77,212
88,Entry long,2025-08-13 10:30,S2_LE,3351.931,2.9,9720.5999,-97.21,-1.00,66.29,0.68,-97.21,-1.00,4577.15,45.77,212
89,Exit long,2025-08-27 06:00,S2_LX_TP1,3393.325,3,9980.373,199.6,2.00,202.59,2.03,-17.24,-0.17,4776.75,47.77,205
89,Entry long,2025-08-20 18:30,S2_LE,3326.791,3,9980.373,199.6,2.00,202.59,2.03,-17.24,-0.17,4776.75,47.77,205
90,Exit long,2025-09-02 15:30,S2_LX_TP1,3472.144,2.9,9848.2434,220.97,2.24,326.96,3.32,-33.51,-0.34,4997.72,49.98,154
90,Entry long,2025-08-28 04:00,S2_LE,3395.946,2.9,9848.2434,220.97,2.24,326.96,3.32,-33.51,-0.34,4997.72,49.98,154
91,Exit long,2025-09-08 20:00,S2_LX_TP1,3619.194,2.8,9935.0468,198.7,2.00,207.93,2.09,-38.31,-0.39,5196.42,51.96,90
91,Entry long,2025-09-04 21:00,S2_LE,3548.231,2.8,9935.0468,198.7,2.00,207.93,2.09,-38.31,-0.39,5196.42,51.96,90
92,Exit long,2025-09-23 17:30,S2_LX_TP2,3780.025,2.7,9813.5307,392.54,4.00,422.39,4.30,-22.93,-0.23,5588.96,55.89,352
92,Entry long,2025-09-12 01:30,S2_LE,3634.641,2.7,9813.5307,392.54,4.00,422.39,4.30,-22.93,-0.23,5588.96,55.89,352
93,Exit long,2025-09-24 23:30,S2_SL,3746.951,2.6,9840.48,-98.41,-1.00,10.5,0.11,-98.41,-1.00,5490.55,54.91,57
93,Entry long,2025-09-23 18:00,S2_LE,3784.8,2.6,9840.48,-98.41,-1.00,10.5,0.11,-98.41,-1.00,5490.55,54.91,57
94,Exit long,2025-09-29 20:00,S2_LX_TP1,3821.644,2.6,9741.4486,194.83,2.00,220.17,2.26,-20.02,-0.21,5685.38,56.85,59
94,Entry long,2025-09-26 13:30,S2_LE,3746.711,2.6,9741.4486,194.83,2.00,220.17,2.26,-20.02,-0.21,5685.38,56.85,59
95,Exit long,2025-10-06 08:00,S2_LX_TP1,3904.804,2.6,9953.4266,199.06,2.00,240.58,2.42,-91.95,-0.92,5884.44,58.84,200
95,Entry long,2025-09-29 23:00,S2_LE,3828.241,2.6,9953.4266,199.06,2.00,240.58,2.42,-91.95,-0.92,5884.44,58.84,200
96,Exit long,2025-10-08 12:30,S2_LX_TP1,4018.483,2.5,9849.2275,196.98,2.00,204.5,2.08,-33.23,-0.34,6081.42,60.81,80
96,Entry long,2025-10-06 18:30,S2_LE,3939.691,2.5,9849.2275,196.98,2.00,204.5,2.08,-33.23,-0.34,6081.42,60.81,80
97,Exit long,2025-10-13 07:30,S2_LX_TP1,4043.8,2.5,9911.2775,198.22,2.00,238.85,2.41,-6.05,-0.06,6279.64,62.80,30
97,Entry long,2025-10-10 15:30,S2_LE,3964.511,2.5,9911.2775,198.22,2.00,238.85,2.41,-6.05,-0.06,6279.64,62.80,30
98,Exit long,2025-10-14 08:00,S2_LX_TP1,4121.147,2.4,9696.8208,193.93,2.00,220.08,2.27,-11.75,-0.12,6473.57,64.74,45
98,Entry long,2025-10-13 08:30,S2_LE,4040.342,2.4,9696.8208,193.93,2.00,220.08,2.27,-11.75,-0.12,6473.57,64.74,45
99,Exit long,2025-10-16 22:30,S2_LX_TP1,4259.979,2.3,9605.8373,192.11,2.00,209.48,2.18,-28.27,-0.29,6665.69,66.66,69
99,Entry long,2025-10-15 11:00,S2_LE,4176.451,2.3,9605.8373,192.11,2.00,209.48,2.18,-28.27,-0.29,6665.69,66.66,69
100,Exit long,2025-10-17 06:30,S2_LX_TP1,4367.949,2.3,9849.9823,196.3,1.99,225.83,2.29,-22.19,-0.23,6861.99,68.62,9
100,Entry long,2025-10-17 01:00,S2_LE,4282.601,2.3,9849.9823,196.3,1.99,225.83,2.29,-22.19,-0.23,6861.99,68.62,9
101,Exit long,2025-10-21 01:00,S2_LX_TP1,4340.859,2.3,9788.2158,195.76,2.00,229.5,2.34,-11.69,-0.12,7057.75,70.58,13
101,Entry long,2025-10-20 18:30,S2_LE,4255.746,2.3,9788.2158,195.76,2.00,229.5,2.34,-11.69,-0.12,7057.75,70.58,13
102,Exit long,2025-10-21 13:30,S2_SL,4323.577,2.2,9607.9522,-96.08,-1.00,11.22,0.12,-96.08,-1.00,6961.67,69.62,13
102,Entry long,2025-10-21 07:00,S2_LE,4367.251,2.2,9607.9522,-96.08,-1.00,11.22,0.12,-96.08,-1.00,6961.67,69.62,13
103,Exit long,2025-10-23 14:30,S2_LX_TP1,4124.48,2.4,9704.6616,194.09,2.00,226.34,2.33,-14.91,-0.15,7155.76,71.56,26
103,Entry long,2025-10-23 00:30,S2_LE,4043.609,2.4,9704.6616,194.09,2.00,226.34,2.33,-14.91,-0.15,7155.76,71.56,26
104,Exit long,2025-10-24 14:00,S2_SL,4083.196,2.4,9898.6608,-98.99,-1.00,72.84,0.74,-98.99,-1.00,7056.77,70.57,38
104,Entry long,2025-10-23 18:00,S2_LE,4124.442,2.4,9898.6608,-98.99,-1.00,72.84,0.74,-98.99,-1.00,7056.77,70.57,38
105,Exit long,2025-10-29 18:00,S2_LX_TP1,4017.193,2.5,9846.065,196.92,2.00,228.06,2.32,-59.25,-0.60,7253.68,72.54,38
105,Entry long,2025-10-28 22:00,S2_LE,3938.426,2.5,9846.065,196.92,2.00,228.06,2.32,-59.25,-0.60,7253.68,72.54,38
106,Exit long,2025-11-04 22:30,S2_SL,3944.189,2.5,9960.0775,-99.6,-1.00,155.55,1.56,-99.6,-1.00,7154.08,71.54,143
106,Entry long,2025-10-30 19:00,S2_LE,3984.031,2.5,9960.0775,-99.6,-1.00,155.55,1.56,-99.6,-1.00,7154.08,71.54,143
107,Exit long,2025-11-10 11:30,S2_LX_TP1,4048.841,2.5,9923.6325,198.47,2.00,209.57,2.11,-14.81,-0.15,7352.55,73.53,119
107,Entry long,2025-11-05 21:00,S2_LE,3969.453,2.5,9923.6325,198.47,2.00,209.57,2.11,-14.81,-0.15,7352.55,73.53,119
108,Exit long,2025-11-14 02:30,S2_LX_TP1,4184.269,2.4,9800.3232,241.92,2.47,388.2,3.96,-14.1,-0.14,7594.47,75.94,145
108,Entry long,2025-11-10 23:00,S2_LE,4083.468,2.4,9800.3232,241.92,2.47,388.2,3.96,-14.1,-0.14,7594.47,75.94,145
109,Exit long,2025-11-18 03:30,S2_SL,4031.715,2.4,9773.8584,-97.74,-1.00,20.57,0.21,-97.74,-1.00,7496.73,74.97,8
109,Entry long,2025-11-17 23:30,S2_LE,4072.441,2.4,9773.8584,-97.74,-1.00,20.57,0.21,-97.74,-1.00,7496.73,74.97,8
110,Exit long,2025-11-25 11:00,S2_LX_TP1,4148.564,2.4,9761.3304,195.22,2.00,212.87,2.18,-65.59,-0.67,7691.95,76.92,56
110,Entry long,2025-11-22 05:00,S2_LE,4067.221,2.4,9761.3304,195.22,2.00,212.87,2.18,-65.59,-0.67,7691.95,76.92,56
111,Exit long,2025-12-12 02:30,S2_LX_TP1,4268.516,2.3,9625.0883,192.5,2.00,232.67,2.42,-85.36,-0.89,7884.45,78.84,436
111,Entry long,2025-11-28 13:30,S2_LE,4184.821,2.3,9625.0883,192.5,2.00,232.67,2.42,-85.36,-0.89,7884.45,78.84,436
112,Exit long,2025-12-24 08:30,S2_LX_TP2,4510.402,2.3,9974.9298,398.99,4.00,417.25,4.18,-65.87,-0.66,8283.44,82.83,133
112,Entry long,2025-12-18 04:00,S2_LE,4336.926,2.3,9974.9298,398.99,4.00,417.25,4.18,-65.87,-0.66,8283.44,82.83,133
113,Exit long,2025-12-31 03:30,S2_SL,4344.382,2.2,9654.1852,-96.54,-1.00,8.54,0.09,-96.54,-1.00,8186.9,81.87,11
113,Entry long,2025-12-30 22:00,S2_LE,4388.266,2.2,9654.1852,-96.54,-1.00,8.54,0.09,-96.54,-1.00,8186.9,81.87,11
114,Exit long,2026-01-02 23:00,S2_SL,4336.026,2.2,9635.6172,-96.36,-1.00,49.56,0.51,-96.36,-1.00,8090.54,80.91,17
114,Entry long,2026-01-02 14:30,S2_LE,4379.826,2.2,9635.6172,-96.36,-1.00,49.56,0.51,-96.36,-1.00,8090.54,80.91,17
115,Exit long,2026-01-12 07:30,S2_LX_TP1,4537.447,2.2,9786.7242,195.66,2.00,197.71,2.02,-90.36,-0.92,8286.2,82.86,197
115,Entry long,2026-01-06 00:00,S2_LE,4448.511,2.2,9786.7242,195.66,2.00,197.71,2.02,-90.36,-0.92,8286.2,82.86,197
116,Exit long,2026-01-15 09:30,S2_SL,4589.214,2.1,9734.6991,-97.35,-1.00,15.6,0.16,-97.35,-1.00,8188.85,81.89,21
116,Entry long,2026-01-14 22:00,S2_LE,4635.571,2.1,9734.6991,-97.35,-1.00,15.6,0.16,-97.35,-1.00,8188.85,81.89,21
117,Exit long,2026-01-16 23:00,S2_SL,4571.265,2.1,9696.6261,-96.97,-1.00,8.72,0.09,-96.97,-1.00,8091.88,80.92,38
117,Entry long,2026-01-16 03:00,S2_LE,4617.441,2.1,9696.6261,-96.97,-1.00,8.72,0.09,-96.97,-1.00,8091.88,80.92,38
118,Exit long,2026-01-21 23:00,S2_SL,4816.013,2,9729.322,-97.3,-1.00,32.5,0.33,-97.3,-1.00,7994.58,79.95,5
118,Entry long,2026-01-21 20:30,S2_LE,4864.661,2,9729.322,-97.3,-1.00,32.5,0.33,-97.3,-1.00,7994.58,79.95,5
119,Exit long,2026-01-23 04:30,S2_LX_TP1,4918.666,2,9644.446,192.89,2.00,212.53,2.20,-4.07,-0.04,8187.47,81.87,13
119,Entry long,2026-01-22 22:00,S2_LE,4822.223,2,9644.446,192.89,2.00,212.53,2.20,-4.07,-0.04,8187.47,81.87,13
120,Exit long,2026-01-27 05:30,S2_SL,4992.114,1.9,9580.8279,-95.81,-1.00,130.4,1.36,-95.81,-1.00,8091.66,80.92,42
120,Entry long,2026-01-26 08:30,S2_LE,5042.541,1.9,9580.8279,-95.81,-1.00,130.4,1.36,-95.81,-1.00,8091.66,80.92,42
121,Exit long,2026-01-29 08:00,S2_LX_TP2,5469.432,1.9,9992.2349,399.69,4.00,645.39,6.46,-44.97,-0.45,8491.34,84.91,23
121,Entry long,2026-01-28 19:30,S2_LE,5259.071,1.9,9992.2349,399.69,4.00,645.39,6.46,-44.97,-0.45,8491.34,84.91,23
122,Exit long,2026-01-29 23:00,S2_SL,5442.74,1.8,9895.8942,-98.96,-1.00,175.88,1.78,-98.96,-1.00,8392.38,83.92,29
122,Entry long,2026-01-29 08:30,S2_LE,5497.719,1.8,9895.8942,-98.96,-1.00,175.88,1.78,-98.96,-1.00,8392.38,83.92,29
123,Exit long,2026-02-03 15:00,S2_LX_TP1,4879.19,2,9567.042,191.34,2.00,220.76,2.31,-64.78,-0.68,8583.72,85.84,8
123,Entry long,2026-02-03 11:00,S2_LE,4783.521,2,9567.042,191.34,2.00,220.76,2.31,-64.78,-0.68,8583.72,85.84,8
124,Exit long,2026-02-04 09:30,S2_LX_TP1,5023.127,2,9849.272,196.98,2.00,258.25,2.62,-89.73,-0.91,8780.7,87.81,20
124,Entry long,2026-02-03 22:30,S2_LE,4924.636,2,9849.272,196.98,2.00,258.25,2.62,-89.73,-0.91,8780.7,87.81,20
125,Exit long,2026-02-04 19:00,S2_SL,5033.932,1.9,9661.0839,-96.61,-1.00,13.62,0.14,-96.61,-1.00,8684.09,86.84,6
125,Entry long,2026-02-04 16:00,S2_LE,5084.781,1.9,9661.0839,-96.61,-1.00,13.62,0.14,-96.61,-1.00,8684.09,86.84,6
126,Exit long,2026-02-10 01:30,S2_LX_TP1,5052.243,2,9906.362,198.12,2.00,256.06,2.58,-14.28,-0.14,8882.21,88.82,39
126,Entry long,2026-02-07 05:00,S2_LE,4953.181,2,9906.362,198.12,2.00,256.06,2.58,-14.28,-0.14,8882.21,88.82,39
127,Exit long,2026-02-11 21:30,S2_SL,5031.962,1.9,9657.3029,-96.58,-1.00,13.88,0.14,-96.58,-1.00,8785.64,87.86,1
127,Entry long,2026-02-11 21:00,S2_LE,5082.791,1.9,9657.3029,-96.58,-1.00,13.88,0.14,-96.58,-1.00,8785.64,87.86,1
128,Exit long,2026-02-13 00:00,S2_SL,5024.626,1.9,9643.2239,-96.43,-1.00,15.88,0.16,-96.43,-1.00,8689.2,86.89,20
128,Entry long,2026-02-12 14:00,S2_LE,5075.381,1.9,9643.2239,-96.43,-1.00,15.88,0.16,-96.43,-1.00,8689.2,86.89,20
129,Exit long,2026-02-23 23:00,S2_LX_TP2,5180.531,2,9962.562,398.5,4.00,444.7,4.46,-42.54,-0.43,9087.7,90.88,123
129,Entry long,2026-02-19 07:30,S2_LE,4981.281,2,9962.562,398.5,4.00,444.7,4.46,-42.54,-0.43,9087.7,90.88,123
130,Exit long,2026-02-24 09:00,S2_SL,5155.801,1.9,9894.9739,-98.95,-1.00,79.78,0.81,-98.95,-1.00,8988.75,89.89,12
130,Entry long,2026-02-24 02:00,S2_LE,5207.881,1.9,9894.9739,-98.95,-1.00,79.78,0.81,-98.95,-1.00,8988.75,89.89,12
131,Exit long,2026-03-02 08:00,S2_LX_TP2,5375.53,1.9,9820.682,392.83,4.00,426.8,4.35,-74.64,-0.76,9381.58,93.82,115
131,Entry long,2026-02-25 19:30,S2_LE,5168.78,1.9,9820.682,392.83,4.00,426.8,4.35,-74.64,-0.76,9381.58,93.82,115
132,Exit long,2026-03-02 22:00,S2_SL,5309.805,1.8,9654.1938,-96.54,-1.00,100.58,1.04,-96.54,-1.00,9285.03,92.85,19
132,Entry long,2026-03-02 12:30,S2_LE,5363.441,1.8,9654.1938,-96.54,-1.00,100.58,1.04,-96.54,-1.00,9285.03,92.85,19
133,Exit long,2026-03-05 02:00,S2_SL,5119.499,1.9,9825.3047,-98.26,-1.00,47.57,0.48,-98.26,-1.00,9186.78,91.87,10
133,Entry long,2026-03-04 21:00,S2_LE,5171.213,1.9,9825.3047,-98.26,-1.00,47.57,0.48,-98.26,-1.00,9186.78,91.87,10
134,Exit long,2026-03-05 21:00,S2_SL,5104.479,1.9,9796.4779,-97.97,-1.00,29.6,0.30,-97.97,-1.00,9088.81,90.89,5
134,Entry long,2026-03-05 18:30,S2_LE,5156.041,1.9,9796.4779,-97.97,-1.00,29.6,0.30,-97.97,-1.00,9088.81,90.89,5
135,Exit long,2026-03-06 18:00,S2_SL,5078.333,1.9,9746.2989,-97.47,-1.00,0.91,0.01,-97.47,-1.00,8991.34,89.91,9
135,Entry long,2026-03-06 13:30,S2_LE,5129.631,1.9,9746.2989,-97.47,-1.00,0.91,0.01,-97.47,-1.00,8991.34,89.91,9
136,Exit long,2026-03-10 21:30,S2_LX_TP1,5201.546,1.9,9689.1564,193.78,2.00,245.47,2.53,-20.78,-0.21,9185.12,91.85,42
136,Entry long,2026-03-09 23:30,S2_LE,5099.556,1.9,9689.1564,193.78,2.00,245.47,2.53,-20.78,-0.21,9185.12,91.85,42
137,Exit long,2026-03-13 01:30,S2_SL,5105.321,1.9,9798.0929,-97.98,-1.00,66.27,0.68,-97.98,-1.00,9087.14,90.87,22
137,Entry long,2026-03-12 14:30,S2_LE,5156.891,1.9,9798.0929,-97.98,-1.00,66.27,0.68,-97.98,-1.00,9087.14,90.87,22
138,Exit long,2026-03-25 20:30,S2_SL,4526.052,2.1,9600.7191,-96.01,-1.00,29.27,0.30,-96.01,-1.00,8991.13,89.91,15
138,Entry long,2026-03-25 13:00,S2_LE,4571.771,2.1,9600.7191,-96.01,-1.00,29.27,0.30,-96.01,-1.00,8991.13,89.91,15
139,Exit long,2026-04-13 06:00,S2_SL,4683.179,2,9537.124,-170.77,-1.79,65.38,0.69,-170.77,-1.79,8820.36,88.20,58
139,Entry long,2026-04-09 23:00,S2_LE,4768.562,2,9537.124,-170.77,-1.79,65.38,0.69,-170.77,-1.79,8820.36,88.20,58
140,Exit long,2026-04-20 06:00,S2_SL,4765.305,2,9626.882,-96.27,-1.00,155.05,1.61,-96.27,-1.00,8724.09,87.24,70
140,Entry long,2026-04-16 17:00,S2_LE,4813.441,2,9626.882,-96.27,-1.00,155.05,1.61,-96.27,-1.00,8724.09,87.24,70
141,Exit long,2026-04-20 07:30,S2_SL,4737.151,2,9570.006,-95.7,-1.00,11.63,0.12,-95.7,-1.00,8628.39,86.28,2
141,Entry long,2026-04-20 06:30,S2_LE,4785.003,2,9570.006,-95.7,-1.00,11.63,0.12,-95.7,-1.00,8628.39,86.28,2
142,Exit long,2026-04-21 22:30,S2_SL,4759.766,2,9615.692,-96.16,-1.00,50.77,0.53,-96.16,-1.00,8532.23,85.32,44
142,Entry long,2026-04-20 23:30,S2_LE,4807.846,2,9615.692,-96.16,-1.00,50.77,0.53,-96.16,-1.00,8532.23,85.32,44
143,Exit long,2026-05-01 16:00,S2_SL,4573.423,2.1,9701.2041,-97.02,-1.00,34.67,0.36,-97.02,-1.00,8435.21,84.35,32
143,Entry long,2026-04-30 23:00,S2_LE,4619.621,2.1,9701.2041,-97.02,-1.00,34.67,0.36,-97.02,-1.00,8435.21,84.35,32
144,Exit long,2026-05-04 18:00,S2_SL,4568.897,2.1,9691.6029,-96.92,-1.00,1.07,0.01,-96.92,-1.00,8338.29,83.38,12
144,Entry long,2026-05-04 12:00,S2_LE,4615.049,2.1,9691.6029,-96.92,-1.00,1.07,0.01,-96.92,-1.00,8338.29,83.38,12
145,Exit long,2026-05-06 16:00,S2_LX_TP1,4675.713,2.1,9626.4714,192.53,2.00,206.8,2.15,-80.82,-0.84,8530.82,85.31,33
145,Entry long,2026-05-05 22:30,S2_LE,4584.034,2.1,9626.4714,192.53,2.00,206.8,2.15,-80.82,-0.84,8530.82,85.31,33
146,Exit long,2026-05-15 08:00,S2_SL,4636.239,2.1,9834.4491,-98.35,-1.00,190.07,1.93,-98.35,-1.00,8432.47,84.32,297
146,Entry long,2026-05-06 20:30,S2_LE,4683.071,2.1,9834.4491,-98.35,-1.00,190.07,1.93,-98.35,-1.00,8432.47,84.32,297
147,Exit long,2026-05-19 21:00,S2_SL,4505.014,2.1,9556.0941,-95.56,-1.00,81.58,0.85,-95.56,-1.00,8336.91,83.37,57
147,Entry long,2026-05-18 15:30,S2_LE,4550.521,2.1,9556.0941,-95.56,-1.00,81.58,0.85,-95.56,-1.00,8336.91,83.37,57
148,Exit long,2026-06-01 21:00,S2_SL,4485.145,2.2,9966.9922,-99.67,-1.00,142.78,1.43,-99.67,-1.00,8237.23,82.37,51
148,Entry long,2026-05-29 18:30,S2_LE,4530.451,2.2,9966.9922,-99.67,-1.00,142.78,1.43,-99.67,-1.00,8237.23,82.37,51
149,Exit long,2026-06-03 21:30,S2_SL,4438.007,2.2,9862.2414,-98.63,-1.00,129.14,1.31,-98.63,-1.00,8138.61,81.39,84
149,Entry long,2026-06-02 01:30,S2_LE,4482.837,2.2,9862.2414,-98.63,-1.00,129.14,1.31,-98.63,-1.00,8138.61,81.39,84
150,Exit long,2026-06-05 20:30,S2_SL,4421.373,2.2,9825.277,-98.26,-1.00,21.59,0.22,-98.26,-1.00,8040.35,80.40,2
150,Entry long,2026-06-05 19:30,S2_LE,4466.035,2.2,9825.277,-98.26,-1.00,21.59,0.22,-98.26,-1.00,8040.35,80.40,2
151,Exit long,2026-06-12 07:00,S2_LX_TP2,4237.695,2.4,9779.2992,391.17,4.00,412.46,4.22,-11.06,-0.11,8431.52,84.32,15
151,Entry long,2026-06-11 22:30,S2_LE,4074.708,2.4,9779.2992,391.17,4.00,412.46,4.22,-11.06,-0.11,8431.52,84.32,15
152,Exit long,2026-06-15 23:00,S2_LX_TP2,4351.63,2.3,9623.8003,384.95,4.00,425.93,4.43,-33.08,-0.34,8816.47,88.16,62
152,Entry long,2026-06-12 15:00,S2_LE,4184.261,2.3,9623.8003,384.95,4.00,425.93,4.43,-33.08,-0.34,8816.47,88.16,62
153,Exit long,2026-06-18 02:00,S2_SL,4297.51,2.3,9984.1183,-99.85,-1.00,95.52,0.96,-99.85,-1.00,8716.62,87.17,58
153,Entry long,2026-06-16 20:00,S2_LE,4340.921,2.3,9984.1183,-99.85,-1.00,95.52,0.96,-99.85,-1.00,8716.62,87.17,58
154,Exit long,2026-06-26 22:00,S2_LX_TP1,4068.912,2.5,9972.8275,199.45,2.00,222.25,2.23,-39.48,-0.40,8916.08,89.16,53
154,Entry long,2026-06-25 18:30,S2_LE,3989.131,2.5,9972.8275,199.45,2.00,222.25,2.23,-39.48,-0.40,8916.08,89.16,53
155,Exit long,2026-07-06 17:30,S2_SL,4136.665,2.3,9610.4373,-96.11,-1.00,56.95,0.59,-96.11,-1.00,8819.97,88.20,47
155,Entry long,2026-07-03 13:00,S2_LE,4178.451,2.3,9610.4373,-96.11,-1.00,56.95,0.59,-96.11,-1.00,8819.97,88.20,47
156,Exit long,2026-07-07 13:30,S2_SL,4118.137,2.4,9983.3664,-99.84,-1.00,7.38,0.07,-99.84,-1.00,8720.13,87.20,10
156,Entry long,2026-07-07 08:30,S2_LE,4159.736,2.4,9983.3664,-99.84,-1.00,7.38,0.07,-99.84,-1.00,8720.13,87.20,10
157,Exit long,2026-07-08 03:00,S2_SL,4112.529,2.4,9969.7704,-99.7,-1.00,3.93,0.04,-99.7,-1.00,8620.43,86.20,8
157,Entry long,2026-07-07 23:00,S2_LE,4154.071,2.4,9969.7704,-99.7,-1.00,3.93,0.04,-99.7,-1.00,8620.43,86.20,8
158,Exit long,2026-07-11 04:30,Open,4120.378,2.4,9785.0184,103.89,1.06,146.4,1.50,-55.73,-0.57,8724.32,87.24,88
158,Entry long,2026-07-09 07:30,S2_LE,4077.091,2.4,9785.0184,103.89,1.06,146.4,1.50,-55.73,-0.57,8724.32,87.24,88