time,open,high,low,close,Basis,Upper,Lower,RSI,RSI-based MA,Regular Bullish,Regular Bullish Label,Regular Bearish,Regular Bearish Label
2012-05-07,7426,7516,7356,7366,,,,,,,,,
2012-05-14,7306,7406,7128,7135,,,,,,,,,
2012-05-21,7260,7262,7048,7058,,,,,,,,,
2012-05-28,7109,7336,7075,7096,,,,,,,,,
2012-06-04,6943,7145,6925,6955,,,,,,,,,
2012-06-11,6982,7162,6962,7154,,,,,,,,,
2012-06-18,7305,7323,6996,7034,,,,,,,,,
2012-06-25,6950,7128,6898,7114,,,,,,,,,
2012-07-02,7114,7326,7107,7272,,,,,,,,,
2012-07-09,7213,7272,7045,7071,,,,,,,,,
2012-07-16,7096,7136,6883,7013,,,,,,,,,
2012-07-23,6936,7032,6776,7028,,,,,,,,,
2012-07-30,7097,7211,7056,7140,,,,,,,,,
2012-08-06,7265,7465,7223,7444,,,,,,,,,
2012-08-13,7437,7545,7428,7474,,,,53.06122448979591,,,,,
2012-08-20,7474,7552,7397,7487,,,,53.43082114735658,,,,,
2012-08-27,7528,7551,7341,7382,,,,50.005917860101796,,,,,
2012-09-03,7356,7480,7286,7419,,,,51.19314654714696,,,,,
2012-09-10,7424,7758,7413,7738,,,,60.0104525683165,,,,,
2012-09-17,7731,7797,7713,7761,7257.05,7723.305069677523,6790.794930322478,60.56364183213488,,,,,
2012-09-24,7743,7811,7666,7719,7274.7,7781.1121246573875,6768.287875342612,58.95969984838616,,,,,
2012-10-01,7692,7748,7633,7701,7303,7837.502385401611,6768.497614598389,58.24772680278692,,,,,
2012-10-08,7680,7692,7384,7413,7320.75,7845.009048562838,6796.490951437162,48.215456267135906,,,,,
2012-10-15,7391,7507,7385,7387,7335.3,7849.863931887955,6820.736068112045,47.42138401129458,,,,,
2012-10-22,7290,7360,7090,7092,7342.15,7839.645437165013,6844.654562834986,39.47713696233429,,,,,
2012-10-29,7112,7226,7030,7201,7344.5,7838.852303524509,6850.147696475491,43.259480644582176,,,,,
2012-11-05,7195,7300,7127,7286,7357.1,7831.601380398385,6882.598619601616,46.088896957796194,,,,,
2012-11-12,7270,7305,7035,7107,7356.75,7831.977892699925,6881.522107300075,41.40628081177632,50.81009048221036,,,,
2012-11-19,7137,7328,7020,7319,7359.1,7833.091518911445,6885.108481088556,48.128169703779896,50.457729426066365,,,,
2012-11-26,7370,7604,7357,7594,7385.25,7850.403684280785,6920.096315719215,55.29287772343157,50.590733467214584,,,,
2012-12-03,7605,7692,7548,7659,7417.55,7864.169065871548,6970.9309341284525,56.81133322021821,51.076834564365754,,,,
2012-12-10,7681,7777,7580,7704,7451.35,7876.743594215967,7025.956405784033,57.87797462486846,51.554322284203,,,,
2012-12-17,7690,7708,7471,7492,7468.95,7869.77837973379,7068.12162026621,51.43329914443975,50.94166846821181,,,,
2012-12-24,7517,7709,7490,7677,7480.6,7891.27378781702,7069.926212182981,56.03401188321004,50.61812347186003,,,,
2012-12-31,7725,7835,7701,7775,7495.65,7925.850546257231,7065.449453742768,58.28817203379585,50.5701571993893,,,,
2013-01-07,7748,7867,7672,7802,7511.4,7961.7724680750525,7061.027531924947,58.91319031755479,50.617690307587004,,,,
2013-01-14,7762,7828,7582,7712,7527.9,7982.262806576421,7073.537193423578,55.906036574449054,51.16701747239508,,,,
2013-01-21,7680,7788,7612,7650,7539.45,7993.896685541903,7085.003314458097,53.86620941813069,51.62736214431195,,,,
2013-01-28,7635,7900,7621,7859,7545.5,8013.381822686035,7077.618177313965,59.26220366089016,53.040581194208805,,,,
2013-02-04,7878,7952,7869,7901,7552.5,8036.964033752771,7068.035966247229,60.26793314687071,54.255470658657984,,,,
2013-02-18,7965,8020,7902,7951,7564.1,8074.377532329218,7053.822467670782,61.486915313928954,55.35532911266746,,,,
2013-02-25,7985,7990,7860,7936,7575.85,8108.526740622294,7043.173259377707,60.883437514901395,56.74655459146212,,,,
2013-03-04,7941,8032,7827,8008,7605.6,8164.394201831031,7046.80579816897,62.77217738687155,57.79255514025437,,,,
2013-03-11,8008,8068,7906,7909,7631.7,8195.951043419513,7067.448956580486,58.5835247542958,58.027601356744675,,,,
2013-03-18,7865,7870,7758,7774,7665.8,8175.233646317149,7156.366353682852,53.355149498654356,57.78073109091868,,,,
2013-03-25,7838,7935,7820,7923,7701.9,8175.537371836349,7228.26262816365,57.82863556058671,57.77720687204141,,,,
2013-04-01,7933,7953,7875,7936,7734.4,8177.653155657175,7291.146844342824,58.20525766222565,58.2609181947404,,,,
2013-04-08,7876,7876,7697,7784,7768.25,8105.378981251965,7431.121018748035,52.321518533128724,57.99574009830602,,,,
2013-04-15,7762,7945,7693,7942,7799.4,8074.076828291074,7524.723171708925,57.16831251807133,57.915750132897124,,,,
2013-04-22,7964,8066,7896,7997,7819.55,8090.094987016953,7549.005012983047,58.740646671650204,57.90342558676108,,,,
2013-04-29,8003,8175,8000,8140,7843.6,8137.306247805447,7549.893752194554,62.58628572596814,58.38058624044101,,,,
2013-05-06,8198,8330,8150,8309,7873.85,8223.170640672673,7524.529359327327,66.55387952697616,59.28684839107285,,,,
2013-05-13,8315,8440,8229,8401,7919.3,8293.703044859394,7544.896955140606,68.51152401352994,59.94751413054713,,,,
2013-05-20,8405,8449,8146,8220,7946.45,8325.358155098324,7567.541844901676,60.95266561190584,59.996423592335354,,,,
2013-05-27,8190,8345,8183,8242,7969.8,8360.928418808922,7578.671581191078,61.50855147032279,59.99796903207777,,,,
2013-06-03,8146,8230,8050,8087,7984.05,8370.424158038526,7597.675841961474,55.512333413785406,59.61431873914091,,,,
2013-06-10,8140,8186,7905,7921,7994.5,8361.707026076572,7627.292973923429,49.90162522416404,58.69499358466181,,,,
2013-06-17,7921,8012,7588,7658,7994.9,8360.619510007396,7629.180489992604,42.561874801630644,57.550590016614294,,,,
2013-06-24,7625,7860,7580,7828,7993.35,8361.61418506283,7625.08581493717,47.89658294832727,57.160692405876645,,,,
2013-07-01,7818,7979,7801,7964,7996.5,8362.622110777273,7630.3778892227265,51.75687786912087,56.7269954279148,,,,
2013-07-08,7961,8185,7820,8183,8008.1,8382.331960153022,7633.868039846979,57.24956326697853,56.65873154254,,,,
2013-07-15,8145,8238,7953,7957,8009.15,8382.684081443726,7635.615918556274,50.81932298802293,56.55143186074673,,,,
2013-07-22,7967,8183,7967,8099,8013.7,8389.278540388039,7638.121459611961,54.293095853715066,56.34605924186415,,,,
2013-07-29,8074,8146,8000,8061,8021.3,8394.238654472796,7648.361345527204,53.20996769525091,55.9510107435499,,,,
2013-08-05,8066,8108,7801,7824,8023.8,8390.695407439205,7656.904592560796,46.922627037657264,54.83217798009913,,,,
2013-08-12,7850,7961,7800,7914,8023.35,8390.760546936244,7655.9394530637555,49.369250841264034,53.604704502548266,,,,
2013-08-19,7888,7920,7636,7784,8015.75,8396.132899195016,7635.367100804983,46.06612595411042,52.0014617840183,,,,
2013-08-26,7816,7983,7678,7972,8025.15,8391.18129647617,7659.118703523829,51.15570095897413,51.301678594523175,,,,
2013-09-02,7968,8154,7955,8140,8035.05,8402.25864641232,7667.841353587681,55.22218365788686,50.85265232220632,,,,
2013-09-09,8158,8220,8095,8147,8042.55,8412.461056877148,7672.638943122854,55.388840061095976,50.843831368442785,,,,
2013-09-16,8211,8259,8172,8179,8044.5,8416.848492678573,7672.151507321426,56.19154085727231,51.293111056521944,,,,
2013-09-23,8183,8274,8156,8182,8038.15,8396.299842942912,7680.0001570570885,56.27098024352794,52.27233287380033,,,,
2013-09-30,8127,8393,8084,8366,8036.4,8387.717747914941,7685.082252085058,60.94831959484588,53.204599777123086,,,,
2013-10-07,8360,8450,8290,8361,8043.45,8414.336222445649,7672.563777554351,60.75813713846612,53.847546867790605,,,,
2013-10-14,8348,8429,8272,8417,8052.2,8448.777659481726,7655.6223405182745,62.181500289407374,54.199828083678376,,,,
2013-10-21,8440,8444,8291,8320,8063.85,8477.168412365074,7650.531587634928,58.24089842048376,54.729940614568434,,,,
2013-10-28,8320,8476,8320,8391,8087.35,8518.566082724165,7656.133917275837,60.22769507870679,55.15384055921071,,,,
2013-11-04,8361,8369,8211,8224,8115.65,8502.444661286894,7728.855338713104,53.74995942887509,55.19241139732672,,,,
2013-11-11,8236,8247,8085,8161,8132.3,8496.118691108582,7768.481308891418,51.49966103524523,55.51934239715443,,,,
2013-11-18,8191,8256,8050,8087,8138.45,8494.761927950816,7782.138072049184,48.90947575601651,55.48650131963675,,,,
2013-11-25,8140,8429,8138,8425,8150.55,8527.90631702675,7773.193682973252,59.04232197781907,56.41337246418737,,,,
2013-12-02,8437,8449,8350,8384,8171.9,8551.349548688673,7792.450451311326,57.551253062392554,56.87019761443154,,,,
2013-12-09,8459,8510,8350,8396,8186.75,8576.725832584541,7796.774167415459,57.886479229271835,57.060504440959036,,,,
2013-12-16,8371,8431,8324,8414,8204.4,8601.893345856228,7806.906654143772,58.416954655926865,57.276798340589814,,,,
2013-12-23,8452,8549,8445,8543,8240.35,8623.521645610672,7857.178354389328,62.10137415342132,57.69892929031475,,,,
2013-12-30,8556,8664,8531,8542,8271.75,8645.614079579764,7897.885920420236,62.055472551713635,58.112107312328014,,,,
2014-01-06,8530,8599,8504,8541,8309.6,8627.346691564175,7991.853308435826,62.00611588284398,58.18766419004216,,,,
2014-01-13,8580,8662,8514,8604,8341.2,8643.703289238234,8038.6967107617675,63.951384483037266,58.41575328608296,,,,
2014-01-20,8583,8650,8552,8617,8365.05,8675.452625633356,8054.647374366644,64.35691972167257,58.57114038838761,,,,
2014-01-27,8550,8550,8445,8449,8380.15,8675.680218421085,8084.619781578915,55.644949654757404,58.38571547655001,,,,
2014-02-05,8302,8373,8196,8339,8388.15,8669.803173246797,8106.496826753202,50.79629504145074,57.71204404531744,,,,
2014-02-10,8375,8567,8346,8506,8404.35,8673.71389884323,8134.98610115677,56.93192828688228,57.939327535175096,,,,
2014-02-17,8548,8598,8483,8588,8415.45,8695.65597780905,8135.24402219095,59.59612719602592,58.517646546659435,,,,
2014-02-24,8591,8632,8534,8625,8428.65,8721.920711118648,8135.3792888813505,60.775210251098095,59.365199010593834,,,,
2014-03-03,8567,8772,8510,8704,8443,8759.733957762624,8126.266042237376,63.24174021740423,59.66515745627849,,,,
2014-03-10,8676,8756,8645,8692,8461.6,8790.706305014017,8132.493694985984,62.597832095951475,60.025627387246985,,,,
2014-03-17,8698,8752,8558,8573,8470.7,8801.55471131597,8139.8452886840305,56.45877158301375,59.92364826965712,,,,
2014-03-24,8573,8775,8523,8736,8496.3,8826.069677199224,8166.530322800774,61.96164668475027,60.176840557430225,,,,
2014-03-31,8772,8888,8734,8867,8531.6,8861.391085385834,8201.808914614166,65.71221268789738,60.434757595607074,,,,
2014-04-07,8820,8938,8803,8869,8570.7,8863.754329433936,8277.645670566066,65.76770776626165,60.699917253789074,,,,
2014-04-14,8860,8971,8853,8917,8595.3,8916.546385193777,8274.053614806222,67.14222164702943,61.066781951230894,,,,
2014-04-21,8920,8980,8743,8750,8613.6,8926.196481106143,8301.003518893858,58.362039485555925,60.66754302283937,,,,
2014-04-28,8695,8858,8690,8840,8635.8,8946.48736697852,8325.11263302148,61.29926790185009,60.44913932142348,,,,
2014-05-05,8861,8890,8802,8842,8657.2,8962.747770405773,8351.652229594229,61.364491847946404,60.85767804950841,,,,
2014-05-12,8854,8887,8790,8876,8673.85,8988.837158468352,8358.862841531649,62.52089871740336,61.69514974064788,,,,
2014-05-19,8878,9014,8837,9011,8697.3,9038.29038109609,8356.309618903908,66.77344356862172,62.39811511791498,,,,
2014-05-26,9022,9149,9009,9089,8724.7,9097.622565688844,8351.777434311158,68.96454917649885,63.067288116520196,,,,
2014-06-03,9112,9158,9061,9125,8750.75,9157.556034861795,8343.943965138205,69.94951693738942,63.72259573696957,,,,
2014-06-09,9142,9215,9129,9195,8779.65,9224.671471392194,8334.628528607805,71.82214735598846,64.33548196115416,,,,
2014-06-16,9182,9248,9130,9179,8816.15,9266.422484169378,8365.877515830622,70.73708572773646,64.91685722056738,,,,
2014-06-23,9178,9243,9137,9206,8859.5,9283.870828403678,8435.129171596322,71.51903606030793,65.99259039751696,,,,
2014-06-30,9219,9494,9218,9453,8906.85,9372.229963040945,8441.470036959056,77.4543341140133,67.0992109281786,,,,
2014-07-07,9438,9566,9398,9486,8951.75,9456.986924620542,8446.513075379458,78.11066389188578,67.98481458560634,,,,
2014-07-14,9480,9581,9281,9339,8987.45,9496.179584356918,8478.720415643083,68.53904943032316,68.18276756161075,,,,
2014-07-21,9377,9470,9351,9390,9021.75,9541.788796629658,8501.711203370342,69.91639304143779,68.38092266121133,,,,
2014-07-28,9368,9446,9209,9251,9049.7,9555.743120692227,8543.656879307775,61.95521015970468,68.63757770936482,,,,
2014-08-04,9260,9297,8991,9090,9075.55,9531.930312897115,8619.169687102883,54.249850883180834,68.13404792231702,,,,
2014-08-11,9132,9253,9103,9202,9098.85,9530.417503410521,8667.28249658948,58.14922901595151,67.90438629146024,,,,
2014-08-18,9212,9387,9126,9378,9124.4,9558.535186318748,8690.264813681251,63.424793684766705,67.96895021770048,,,,
2014-08-25,9389,9500,9366,9471,9154.5,9597.026609369439,8711.973390630561,65.87284510497722,67.9046217560116,,,,
2014-09-01,9473,9550,9371,9406,9178.95,9620.32035469089,8737.579645309112,62.713411252670134,67.45811190430953,,,,
2014-09-09,9423,9550,9229,9246,9203.75,9599.284006123336,8808.215993876664,55.63924324844889,66.43594949795664,,,,
2014-09-15,9204,9303,9141,9263,9224.9,9583.922506258348,8865.877493741651,56.20451580240228,65.3204043869862,,,,
2014-09-22,9205,9210,8936,8982,9231.9,9565.334791226096,8898.465208773903,45.812788100896405,63.54009741364048,,,,
2014-09-29,8992,9107,8871,9098,9243,9541.226088731371,8944.773911268629,49.92848717596912,61.99791535047343,,,,
2014-10-06,9105,9110,8929,8980,9241.45,9544.762034050742,8938.13796594926,46.093244998984886,59.757837556542825,,,,
2014-10-13,8802,8817,8496,8499,9211.95,9652.535281188542,8771.36471881146,34.469879326221005,56.640638658995336,,,,
2014-10-20,8596,8764,8588,8641,9187.75,9693.178085883652,8682.321914116348,39.33362247333335,54.55453673349607,,,,
2014-10-27,8671,8978,8592,8975,9176.75,9690.574434997025,8662.925565002975,48.93429770971874,53.05581563837328,,,,
2014-11-03,8984,9055,8863,8937,9164.65,9688.982823691236,8640.317176308763,48.00351445168277,52.05926594494314,,,,
2014-11-10,8965,9105,8900,8962,9152.45,9683.67593121943,8621.224068780572,48.69492598100556,51.66248559478777,,,,
2014-11-17,8955,9125,8838,9103,9134.95,9648.174112839557,8621.725887160444,52.52895345131572,51.26103734017094,,,,
2014-11-24,9135,9235,9071,9179,9119.6,9607.654669068901,8631.5453309311,54.5025619517294,50.62373507352542,,,,
2014-12-01,9050,9265,8991,9214,9113.35,9593.137567575437,8633.562432424564,55.421729227085265,49.87722679653313,,,,
2014-12-08,9263,9265,8959,9005,9094.1,9558.594090382203,8629.605909617798,49.0493216896382,48.9012203991737,,,,
2014-12-15,8958,9042,8853,9017,9082.4,9542.261457397835,8622.538542602164,49.40900175018449,48.45620314929767,,,,
2014-12-22,9030,9229,9023,9227,9089.25,9553.421466163072,8625.078533836928,55.34941040919429,48.39512419263996,,,,
2014-12-29,9247,9343,9242,9281,9093.2,9562.458819842499,8623.941180157502,56.755563056616054,49.176750975191354,,,,
2015-01-05,9243,9335,9018,9230,9085.8,9541.327650093885,8630.272349906114,54.99406490235785,49.53857795564769,,,,
2015-01-12,9188,9275,9081,9115,9068,9488.39600378692,8647.60399621308,51.13977054982587,49.89904406642205,,,,
2015-01-19,9208,9488,9141,9461,9070.75,9500.568042897237,8640.931957102763,60.18193073303255,51.735619166908585,,,,
2015-01-26,9446,9539,9385,9398,9078.35,9525.32707994922,8631.37292005078,58.07450937224407,53.07425394540222,,,,
2015-02-02,9387,9557,9370,9470,9088.7,9561.160411039882,8616.23958896012,59.80677598582147,53.85085953655241,,,,
2015-02-09,9436,9549,9415,9514,9115.3,9619.569412120192,8611.030587879806,60.87077849593048,54.76994982542725,,,,
2015-02-24,9594,9696,9594,9648,9142.8,9697.738410997152,8587.861589002847,63.996639438024076,55.86292935807142,,,,
2015-03-02,9655,9683,9551,9637,9175.65,9764.875007955377,8586.424992044622,63.54785076868397,56.64999345216915,,,,
2015-03-09,9583,9633,9450,9598,9230.6,9759.006055983444,8702.193944016557,61.89068256382523,57.177716353033134,,,,
2015-03-16,9586,9769,9535,9757,9286.4,9789.045163112136,8783.754836887863,65.80572380324404,57.9194302513302,,,,
2015-03-23,9759,9770,9525,9542,9314.75,9807.811405912094,8821.688594087906,57.24228580841601,58.50464197410004,,,,
2015-03-30,9511,9630,9487,9614,9348.6,9825.985965440916,8871.214034559085,59.15900934143199,59.20107108776057,,,,
2015-04-06,9650,9675,9558,9632,9382.1,9839.898602007415,8924.301397992585,59.646039496261885,59.50797316540826,,,,
2015-04-13,9670,9683,9525,9582,9406.05,9852.925586712925,8959.174413287074,57.59156549253508,59.56768762511676,,,,
2015-04-20,9526,9999,9506,9920,9443.1,9929.644509782962,8956.555490217039,66.0937445572703,60.360521886181935,,,,
2015-04-27,9952,10032,9857,9877,9476.25,9985.648027086898,8966.851972913102,64.32686545322855,61.302457236424985,,,,
2015-05-04,9898,9911,9713,9718,9511.9,9982.724765703737,9041.075234296262,58.13788568858395,61.156454018964375,,,,
2015-05-11,9798,9815,9541,9576,9539.85,9952.630462231413,9127.069537768588,53.213787049762665,60.80925956735855,,,,
2015-05-18,9613,9722,9514,9627,9559.85,9948.091818973664,9171.608181026337,54.6978517080589,60.44433640466123,,,,
2015-05-25,9605,9764,9550,9703,9580.95,9951.756944379285,9210.143055620716,56.89226407889599,60.16015680344448,,,,
2015-06-01,9667,9712,9268,9309,9584.9,9942.102407606753,9227.697592393246,44.78163496868876,58.787656484206245,,,,
2015-06-08,9310,9403,9201,9268,9592.55,9913.927332741507,9271.172667258492,43.738243824538046,57.3726845596244,,,,
2015-06-15,9268,9318,9003,9048,9571.9,9968.666379624083,9175.133620375917,38.54816011582724,55.70536152762454,,,,
2015-06-22,9100,9370,9099,9322,9568.1,9972.831466530517,9163.368533469484,46.98574658049884,54.361077440285605,,,,
2015-06-29,9201,9324,9109,9301,9559.65,9979.013458112457,9140.286541887543,46.45923393565629,53.59085944937419,,,,
2015-07-06,9239,9302,8723,8875,9527.7,10042.593037435907,9012.806962564095,37.32254377414025,52.031111908853354,,,,
2015-07-13,8942,9084,8831,8913,9490.95,10067.482210721939,8914.417789278063,38.484684681199546,50.51958656492034,,,,
2015-07-20,8963,9026,8653,8686,9443.4,10113.226962729947,8773.573037270053,34.38337237680119,48.861858485225056,,,,
2015-07-27,8638,8670,8439,8575,9392.25,10156.61009184155,8627.88990815845,32.55631591984627,46.4663278682662,,,,
2015-08-03,8548,8579,8311,8389,9323.85,10184.213707974703,8463.486292025298,29.707620526327844,43.99352465920186,,,,
2015-08-10,8402,8555,8242,8326,9263.05,10219.638830166889,8306.46116983311,28.78876735638329,41.897159064044665,,,,
2015-08-17,8332,8333,7739,7744,9169.55,10317.139904974783,8021.960095025215,22.01459706749239,39.6686454938825,,,,
2015-08-24,7600,7901,7000,7871,9081.5,10338.649871733682,7824.350128266318,26.100962851189905,37.62601057553472,,,,
2015-08-31,7835,8039,7760,7894,8997.1,10332.713551892892,7661.48644810711,26.848539485048875,35.48003024740278,,,,
2015-09-07,7851,8340,7843,8266,8914.4,10215.575991171056,7613.2240088289445,37.807186323952685,34.981855344207354,,,,
2015-09-14,8316,8477,8210,8438,8842.45,10080.360897439685,7604.539102560316,42.12436375982397,34.86657819672777,,,,
2015-09-21,8328,8340,8033,8119,8762.5,9970.065236333015,7554.9347636669845,36.995143707315556,34.75564845326265,,,,
2015-09-29,8024,8328,7982,8278,8697.6,9862.055821403266,7533.1441785967345,40.860476762863385,34.318129180574395,,,,
2015-10-05,8353,8544,8276,8443,8638.4,9725.665450568547,7551.134549431452,44.65504557461726,34.18925858335733,,,,
2015-10-12,8488,8667,8464,8607,8583.6,9555.019868028208,7612.1801319717915,48.21184703045979,34.967065958808725,,,,
2015-10-19,8629,8752,8566,8694,8552.85,9467.765793939512,7637.934206060489,50.045903834650275,35.792867326912344,,,,
2015-10-26,8730,8766,8484,8570,8517.95,9372.332695283538,7663.567304716464,47.465726202320454,36.72732117159229,,,,
2015-11-02,8533,8899,8502,8689,8500,9323.615201413864,7676.384798586136,50.123319792601045,37.98210716250334,,,,
2015-11-09,8685,8747,8318,8356,8451.7,9185.199038854118,7718.200961145883,43.49283203401693,38.966765127338284,,,,
2015-11-16,8250,8490,8212,8443,8408.8,9030.420656027507,7787.179343972492,45.52050731659131,40.16188941021028,,,,
2015-11-23,8487,8534,8320,8390,8384.55,8968.212736518322,7800.887263481676,44.47352883354071,41.76609882207088,,,,
2015-11-30,8321,8510,8203,8393,8358.55,8889.700251812077,7827.399748187921,44.55127022919354,43.083977920499706,,,,
2015-12-07,8500,8550,8067,8070,8327.75,8850.75434988632,7804.74565011368,38.3290390684972,43.90401360503173,,,,
2015-12-14,7963,8318,7948,8229,8310.45,8822.368147754052,7798.53185224595,42.580377409075304,44.24495582539764,,,,
2015-12-21,8170,8388,8132,8374,8309.7,8821.199403714147,7798.200596285856,46.221295048897716,44.537593774617186,,,,
2015-12-28,8374,8394,8226,8275,8307.15,8818.807414682971,7795.492585317028,44.16230553349283,45.04953390505842,,,,
2016-01-05,8095,8130,7731,7865,8313.2,8800.353610270915,7826.0463897290865,36.84257142861794,44.76254066689803,,,,
2016-01-11,7738,7849,7607,7668,8303.05,8833.196196817453,7772.903803182547,33.932359110911705,43.996634490919064,,,,
2016-01-18,7503,7869,7503,7748,8295.75,8851.6218827212,7739.878117278799,36.138446262203516,43.1342487217579,,,,
2016-01-25,7776,8074,7745,8053,8285.1,8850.916542706163,7719.283457293838,43.83808438378574,42.69083304669615,,,,
2016-02-01,8140,8150,7993,8036,8265,8836.197689070967,7693.802310929034,43.52310331448572,42.409217126136525,,,,
2016-02-15,7925,8332,7906,8307,8274.4,8841.853046515726,7706.946953484274,49.72456130973246,42.38073437736019,,,,
2016-02-22,8293,8416,8217,8389,8279.95,8849.602341345108,7710.297658654894,51.461322730932416,42.94991228428273,,,,
2016-03-01,8363,8618,8360,8601,8287.85,8870.560657187578,7705.139342812423,55.720213529523534,43.6784627280636,,,,
2016-03-07,8605,8709,8526,8705,8292.75,8887.634148385192,7697.865851614807,57.68184514580799,44.621913893225546,,,,
2016-03-14,8733,8819,8578,8765,8296.3,8901.478023394815,7691.121976605183,58.81541737596973,45.64078154656671,,,,
2016-03-21,8800,8809,8628,8700,8302.8,8922.222182360329,7683.37781763967,57.03305542296349,46.97678271474287,,,,
2016-03-28,8713,8814,8564,8628,8299.75,8912.095939808547,7687.404060191454,55.04324115017784,47.866987267678766,,,,
2016-04-06,8588,8598,8375,8485,8306.2,8923.477765677637,7688.9222343223655,51.220966447774984,48.22410665331286,,,,
2016-04-11,8464,8724,8415,8717,8319.9,8960.438492207972,7679.361507792028,56.49880081993878,49.10528488805899,,,,
2016-04-18,8658,8748,8439,8500,8325.4,8970.12704301901,7680.672956980989,50.94626523771223,50.112691588708586,,,,
2016-04-25,8518,8619,8304,8311,8321.3,8965.297857139345,7677.3021428606535,46.64638040565197,51.02083596690432,,,,
2016-05-03,8314,8330,8061,8105,8323.05,8964.491961521087,7681.608038478911,42.44174976076228,51.47107193108709,,,,
2016-05-09,8140,8192,7954,8022,8312.7,8966.440346009023,7658.959653990977,40.844265643007056,51.25722773531719,,,,
2016-05-16,8026,8152,7988,8103,8299.15,8958.456688878554,7639.843311121445,43.09530445276668,51.22667067376582,,,,
2016-05-23,8120,8467,8052,8462,8308.5,8971.465308292976,7645.534691707025,51.842079735398684,51.37792198988484,,,,
2016-05-30,8480,8610,8432,8565,8343.5,8982.59545452929,7704.40454547071,54.02553360871865,51.56107990972672,,,,
2016-06-06,8576,8742,8508,8713,8395.75,8973.304110019139,7818.195889980861,57.03960631918285,51.65532225184524,,,,
2016-06-13,8638,8639,8248,8395,8428.1,8923.546021277789,7932.653978722212,49.52642160930284,51.07279199923773,,,,
2016-06-20,8503,8552,8140,8238,8437.35,8910.860411712303,7963.839588287698,46.284933683750936,50.17775744979353,,,,
2016-06-27,8245,8637,8239,8623,8466.7,8908.7896289215,8024.6103710785,54.20099673547151,49.975467543544106,,,,
2016-07-04,8639,8680,8443,8561,8479.4,8916.979432789054,8041.820567210945,52.85024426439074,49.81882490884502,,,,
2016-07-11,8678,8924,8671,8912,8505.55,8979.400809854782,8031.699190145217,59.06921709705667,50.37941424093657,,,,
2016-07-18,8916,9036,8860,8927,8521.85,9028.97297325203,8014.727026747971,59.31617889280542,50.58065553185561,,,,
2016-07-25,8964,9049,8804,8894,8531.3,9058.373846818538,8004.22615318146,58.4801988161135,51.11879364459857,,,,
2016-08-01,8936,9074,8861,9062,8546.15,9113.891235071062,7978.408764928938,61.45826310361335,52.17678526588152,,,,
2016-08-08,9135,9167,9000,9130,8567.65,9187.265453325692,7948.034546674308,62.62675035805967,53.61857102283134,,,,
2016-08-15,9143,9160,8942,8948,8583.65,9224.824009142614,7942.475990857384,57.59387520954406,54.81497170615541,,,,
2016-08-22,8938,9090,8852,9080,8613.4,9287.855454422326,7938.944545577674,60.0984460271427,56.02948181861084,,,,
2016-08-29,9050,9085,8883,8932,8624.15,9311.596368817227,7936.703631182773,56.09786105703241,56.333466198727535,,,,
2016-09-05,8991,9262,8991,9126,8655.45,9373.747842123978,7937.152157876024,59.868939694772436,56.750852347731374,,,,
2016-09-12,8984,8993,8817,8875,8683.65,9389.824277356527,7977.475722643472,53.46949005156727,56.495844042901695,,,,
2016-09-19,8940,9262,8935,9236,8740.2,9432.978059698775,8047.421940301227,60.07888737114382,57.249591597318904,,,,
2016-09-26,9226,9295,9128,9130,8795.6,9424.00381921183,8167.196180788171,57.49634399439607,58.05040661950784,,,,
2016-10-03,9200,9283,9162,9251,8853,9425.058738242838,8280.941261757162,59.62964669046146,58.43816733057855,,,,
2016-10-11,9294,9342,9143,9167,8888.25,9446.303716052485,8330.196283947515,57.47304950257596,58.768367704734644,,,,
2016-10-17,9183,9321,9060,9264,8923.2,9483.447659522053,8362.952340477948,59.30343144264754,58.78509730084828,,,,
2016-10-24,9292,9393,9260,9279,8951.5,9523.475349119184,8379.524650880816,59.59305753038973,58.804874346390015,,,,
2016-10-31,9265,9299,9047,9063,8984.9,9497.970716373544,8471.829283626455,53.66984393726184,58.461277569329184,,,,
2016-11-07,9130,9308,8891,8967,9021.35,9403.997762308893,8638.702237691108,51.23253952602756,57.730868742358766,,,,
2016-11-14,8961,9005,8877,8987,9039.55,9376.58677840865,8702.513221591349,51.72440969145621,56.95213012331566,,,,
2016-11-21,8979,9192,8971,9161,9069.55,9328.667328637204,8810.432671362794,55.89249648460821,56.83060307153453,,,,
2016-11-28,9157,9279,9148,9163,9082.1,9333.682908799423,8830.517091200578,55.939585885630905,56.53354163285512,,,,
2016-12-05,9149,9399,9118,9389,9105.2,9379.400364697012,8830.99963530299,61.00569975446318,56.88410153981446,,,,
2016-12-12,9420,9440,9337,9369,9128.95,9408.103344955733,8849.796655044269,60.344443340408574,56.91806608593133,,,,
2016-12-19,9260,9270,9088,9092,9130.45,9408.468326733937,8852.431673266065,51.94621214406233,56.80926052110954,,,,
2016-12-26,9105,9281,9089,9262,9137.05,9420.917909422797,8853.182090577202,55.99398743460996,56.51748195421427,,,,
2017-01-03,9266,9375,9231,9365,9157.9,9444.407172685107,8871.392827314892,58.28663340900212,56.573931198114714,,,,
2017-01-09,9377,9433,9320,9375,9172.65,9471.696668598775,8873.603331401224,58.51262298912155,56.494143790876144,,,,
2017-01-16,9360,9361,9255,9330,9192.55,9477.53103445678,8907.568965543218,57.015681954979726,56.46147468033356,,,,
2017-01-23,9320,9464,9319,9442,9208.35,9511.293740651572,8905.406259348429,59.774046523882134,56.49509004327889,,,,
2017-02-02,9490,9509,9373,9437,9236.45,9513.66506091841,8959.23493908159,59.5902009664125,56.494886002994804,,,,
2017-02-06,9478,9681,9441,9657,9257.5,9589.837479078102,8925.162520921898,64.73038389589937,57.28492457146891,,,,
2017-02-13,9668,9852,9661,9763,9289.15,9681.955435298461,8896.344564701538,66.91413079247258,58.40503823335785,,,,
2017-02-20,9785,9827,9727,9760,9314.6,9757.041137327857,8872.158862672144,66.78809303003794,59.48101561468512,,,,
2017-03-01,9768,9783,9623,9630,9337.75,9795.077836458706,8880.422163541294,61.39174898193184,59.87381936449395,,,,
2017-03-06,9640,9765,9555,9624,9355.75,9828.140463493919,8883.359536506081,61.146186200910314,60.245719387013914,,,,
2017-03-13,9640,9896,9640,9889,9386.25,9910.773355056761,8861.726644943239,67.35668040693268,60.699360862190304,,,,
2017-03-20,9873,9980,9851,9900,9428.1,9975.830554196067,8880.369445803934,67.58827379835822,61.21677732347242,,,,
2017-03-27,9878,9927,9805,9821,9470.8,10000.957561485338,8940.64243851466,64.07248711017517,62.08293982105191,,,,
2017-04-05,9847,9968,9772,9861,9514.5,10021.517751168536,9007.482248831464,65.06343085391228,62.73075720814493,,,,
2017-04-10,9866,9895,9711,9716,9542.25,10029.194298662589,9055.305701337411,58.73874178260382,62.76305066340218,,,,
2017-04-17,9740,9772,9585,9698,9569,10027.626209456022,9110.373790543978,57.98519789805913,62.725377442612015,,,,
2017-04-24,9744,9884,9684,9856,9592.35,10059.416280093057,9125.283719906944,62.52927107900886,63.11920523718553,,,,
2017-05-02,9895,9966,9879,9886,9618.2,10090.160845833596,9146.239154166406,63.34001578124371,63.373917326997066,,,,
2017-05-08,9926,9997,9895,9981,9662.65,10093.68516097878,9231.61483902122,65.85916098843362,63.821700185712864,,,,
2017-05-15,9988,10055,9877,9932,9696.15,10100.75858863847,9291.54141136153,63.43776424150446,63.72937021039894,,,,
2017-05-22,9932,10136,9931,10093,9732.55,10142.39654445299,9322.703455547009,67.6467902864101,63.781703031394436,,,,
2017-05-31,10093,10136,10004,10134,9770.5,10181.446955214387,9359.553044785613,68.6369601016878,63.91376496508371,,,,
2017-06-05,10134,10252,10115,10191,9813.55,10211.067534204538,9416.03246579546,70.01109267514474,64.52943237174178,,,,
2017-06-12,10193,10210,10021,10062,9844.55,10217.258720048352,9471.841279951646,63.25627493309432,64.68015299546921,,,,
2017-06-19,10149,10352,10104,10215,9883.45,10239.941500599858,9526.958499400143,67.28758159204048,64.67521736583406,,,,
2017-06-26,10216,10423,10182,10252,9913.2,10287.974385464075,9538.425614535927,68.19631210849238,64.71864867370077,,,,
2017-07-03,10251,10331,10171,10202,9935.15,10323.348029361354,9546.951970638645,65.54644223579226,64.82393118267342,,,,
2017-07-10,10203,10442,10180,10403,9967.3,10396.490447237653,9538.109552762346,70.50761439461542,65.21280143558079,,,,
2017-07-17,10403,10480,10321,10328,10002.2,10429.516089095534,9574.883910904467,66.6509952646545,65.77796239858439,,,,
2017-07-24,10324,10466,10286,10339,10037.95,10452.155975331012,9623.74402466899,66.93664495416357,66.41735147402044,,,,
2017-07-31,10340,10471,9408,10439,10065.45,10508.476624482,9622.423375518001,69.49474506177135,66.91488532993203,,,,
2017-08-07,10444,10568,10221,10301,10085.5,10533.033909329812,9637.966090670188,62.328064817531114,66.84260311823827,,,,
2017-08-14,10311,10356,10191,10257,10107.3,10543.506419026613,9671.093580973386,60.19651406515703,66.43812833800425,,,,
2017-08-21,10250,10494,10218,10487,10138.6,10589.220638675126,9687.979361324875,66.62232519791888,66.66559697774814,,,,
2017-08-28,10489,10598,10421,10574,10181.5,10626.352559844283,9736.647440155717,68.68190349145829,66.73953363525158,,,,
2017-09-04,10579,10597,10478,10551,10224.15,10637.876129220771,9810.423870779228,67.49614977750498,66.65804718352423,,,,
2017-09-11,10555,10635,10486,10566,10259.65,10662.631029330212,9856.668970669787,67.88555404878682,66.50622299592723,,,,
2017-09-18,10568,10657,10427,10432,10286.95,10657.666320115495,9916.233679884506,60.86992102463298,66.33576914532286,,,,
2017-09-25,10432,10453,10260,10318,10303.8,10646.97144403351,9960.628555966488,55.60504189087236,65.50130202381084,,,,
2017-10-02,10324,10544,10318,10523,10333.35,10643.570099284252,10023.129900715749,61.974397092262784,65.05687952265158,,,,
2017-10-11,10555,10713,10554,10710,10364.2,10694.728425403871,10033.67157459613,66.67168902604385,65.13725429338385,,,,
2017-10-16,10709,10799,10685,10730,10394,10743.085089913586,10044.914910086414,67.1392327326987,64.89665560324694,,,,
2017-10-23,10742,10792,10685,10710,10419.95,10781.74578493943,10058.154215060571,66.14002009861537,64.86015737710129,,,,
2017-10-30,10710,10832,10709,10787,10456.2,10812.513682027422,10099.88631797258,68.10794900730353,64.94382195232556,,,,
2017-11-06,10787,10831,10662,10728,10481.85,10838.875643336642,10124.82435666336,64.99105340885359,64.62212969140286,,,,
2017-11-13,10723,10727,10551,10703,10504.4,10857.456029547722,10151.343970452277,63.66159531794501,64.71738187000386,,,,
2017-11-20,10710,10877,10653,10854,10537,10892.742041372645,10181.257958627355,67.92892515611294,65.26969694792929,,,,
2017-11-27,10850,10870,10496,10603,10547,10898.329474994593,10195.670525005407,56.12945203497254,64.52020600771883,,,,
2017-12-04,10610,10653,10321,10396,10550.4,10894.426394336286,10206.373605663714,48.627547300088914,63.08775199404958,,,,
2017-12-11,10391,10583,10383,10485,10557.7,10889.450568951945,10225.949431048057,51.62145163992213,61.953844984222236,,,,
2017-12-18,10475,10540,10420,10533,10562.4,10889.927342370109,10234.87265762989,53.20539383923806,60.90526211211161,,,,
2017-12-25,10537,10644,10388,10633,10579,10884.782275483736,10273.217724516264,56.40754116109842,60.58652069328771,,,,
2018-01-02,10626,10887,10624,10858,10609.05,10900.120764591804,10317.979235408195,62.607602983365624,61.0867036284658,,,,
2018-01-08,10860,10909,10766,10876,10628.5,10935.879569913142,10321.120430086858,63.06024342452976,61.16426408077058,,,,
2018-01-16,10946,11142,10917,11138,10656.7,11034.357569763868,10279.042430236133,68.95168474265539,61.3271209176714,,,,
2018-01-22,11143,11272,11080,11144,10686.35,11115.729214680905,10256.970785319096,69.07333004135606,61.46527072543265,,,,
2018-01-29,11148,11238,11017,11114,10713.75,11177.477883569678,10250.022116430322,67.64622627808693,61.57285688110919,,,,
2018-02-05,11104,11116,10123,10353,10709.8,11184.281443262056,10235.318556737942,43.24077968903436,59.79663050123282,,,,
2018-02-12,10336,10438,10188,10413,10714.55,11174.940041160828,10254.159958839171,44.92782478771463,58.36354274258003,,,,
2018-02-21,10300,11125,10200,10782,10727.5,11180.114405426973,10274.885594573027,53.98598852894668,57.672427971937296,,,,
2018-02-26,10799,10914,10575,10678,10725.9,11178.976549823617,10272.823450176382,51.41900398912741,56.493147888581184,,,,
2018-03-05,10680,10910,10593,10862,10732.5,11189.452295103085,10275.547704896915,55.454655732847364,56.4449481527151,,,,
2018-03-12,10860,11121,10844,11016,10747.8,11220.919688873828,10274.68031112617,58.557638363976224,57.15424037156419,,,,
2018-03-19,11005,11122,10715,10733,10745.1,11217.910279076083,10272.289720923918,51.463111128173864,57.142930335010746,,,,
2018-03-26,10750,11000,10621,10918,10754.6,11233.253277435744,10275.946722564257,55.27758893449088,57.29094427038594,,,,
2018-04-02,10929,10959,10701,10783,10758.6,11236.798452527808,10280.401547472193,52.06220778303254,56.98056331480982,,,,
2018-04-09,10835,11024,10813,10957,10763.75,11248.125835483139,10279.374164516861,55.64350796764074,56.483127956543754,,,,
2018-04-16,10966,10984,10756,10786,10772.9,11251.665036317438,10294.134963682562,51.566323067699976,55.662133645341626,,,,
2018-04-23,10759,10767,10412,10560,10781.1,11238.922629410063,10323.277370589938,46.69635717351935,54.07246739040334,,,,
2018-04-30,10568,10670,10407,10522,10782.95,11236.248345463478,10329.651654536523,45.91123263996212,52.41803186173235,,,,
2018-05-07,10508,10865,10480,10860,10799.3,11238.734227160397,10359.865772839601,53.414108251535325,51.40145200269295,,,,
2018-05-14,10856,10975,10790,10819,10808.6,11241.385119892053,10375.814880107948,52.463439408531904,52.06021341122848,,,,
2018-05-21,10829,10999,10798,10932,10812.3,11247.966891099202,10376.633108900796,54.848632052030524,52.76884250153676,,,,
2018-05-28,10935,10989,10761,10914,10814.2,11251.290654212546,10377.109345787456,54.38055421367256,52.79702576473147,,,,
2018-06-04,10924,11253,10920,11125,10813.55,11248.74718519314,10378.352814806858,58.81727402224507,53.32547362423987,,,,
2018-06-11,11115,11173,10957,11054,10809.05,11232.18046451425,10385.91953548575,56.81494623375579,53.42263723144762,,,,
2018-06-19,10950,10958,10567,10655,10786.1,11189.931598565514,10382.268401434487,47.10908308199518,52.60488328273469,,,,
2018-06-25,10665,10691,10484,10677,10802.3,11158.524142921342,10446.075857078657,47.640216798977846,52.33181940207783,,,,
2018-07-02,10688,10719,10414,10538,10808.55,11140.814036573393,10476.285963426606,44.59324355161729,51.56865187472971,,,,
2018-07-09,10517,10850,10493,10848,10811.85,11144.304673602215,10479.395326397786,51.97108421613807,51.56214304852296,,,,
2018-07-16,10842,10874,10651,10824,10819.15,11145.890432147602,10492.409567852397,51.400437150216355,51.259066561564076,,,,
2018-07-23,10840,10995,10793,10991,10825.6,11160.461404165913,10490.738595834087,55.095215112361586,51.51113027903991,,,,
2018-07-30,10997,11059,10862,10967,10823.15,11153.084099480473,10493.215900519526,54.4544938135,52.06528289618138,,,,
2018-08-06,10974,11070,10950,10961,10834.55,11166.983136134291,10502.116863865707,54.28453016182126,52.66337557631417,,,,
2018-08-13,10955,10971,10586,10661,10821.7,11160.052538042703,10483.347461957299,46.47389906578852,52.16764634876084,,,,
2018-08-20,10655,10851,10613,10787,10821.9,11160.165517012896,10483.634482987103,49.744500412397116,51.97343642046549,,,,
2018-08-27,10773,11134,10762,11022,10825.15,11169.735127363365,10480.564872636634,55.238049456854945,52.001251949381526,,,,
2018-09-03,11010,11045,10600,10845,10828.1,11172.303951168424,10483.896048831577,50.73918426566284,51.74115409595226,,,,
2018-09-10,10844,10887,10682,10879,10844.05,11165.921698041386,10522.178301958613,51.5553914814934,51.22244820018428,,,,
2018-09-17,10880,10975,10761,10972,10866.55,11156.562741099498,10576.5372589005,53.8098236159695,51.007796584628124,,,,
2018-09-25,10955,11039,10920,10955,10871.3,11163.829041293457,10578.770958706542,53.32134732836146,51.45152974508286,,,,
2018-10-01,10944,11022,10431,10510,10855.85,11187.78208642728,10523.91791357272,42.456534818536085,51.08126674647989,,,,
2018-10-08,10510,10530,9630,9958,10807.15,11317.795973253546,10296.504026746454,33.3725851124732,50.27979114368387,,,,
2018-10-15,9978,10065,9745,9901,10756.5,11398.711647356236,10114.288352643764,32.59700208390002,48.8959281342383,,,,
2018-10-22,9905,9972,9339,9424,10671.45,11514.927676053087,9827.972323946915,26.952069361805286,47.14961614935179,,,,
2018-10-29,9448,9877,9330,9872,10612.35,11504.559902433273,9720.140097566727,37.839809889245416,45.91708720484349,,,,
2018-11-05,9882,9999,9741,9791,10569.15,11529.948058907295,9608.351941092704,36.772609480602675,44.654095466779395,,,,
2018-11-12,9776,9927,9528,9785,10524.55,11542.306449254957,9506.793550745042,36.69006340816455,43.3973478415182,,,,
2018-11-19,9780,9850,9604,9625,10478.9,11569.447733939242,9388.352266060758,34.46807201720037,42.53978876661905,,,,
2018-11-26,9624,9995,9621,9854,10429.2,11538.374035036866,9320.025964963135,40.06293629703988,41.84824847266496,,,,
2018-12-03,9855,10155,9573,9746,10375.3,11507.035499133992,9243.564500866007,38.39792449084926,40.64538240366455,,,,
2018-12-10,9749,9886,9560,9729,10312.2,11440.305597894076,9184.094402105926,38.12930146359067,39.74467648923083,,,,
2018-12-17,9722,9825,9556,9657,10246.7,11367.220432656166,9126.179567343836,36.95028060593016,38.701454283833456,,,,
2018-12-24,9669,9700,9410,9669,10182.1,11279.176095811034,9085.023904188967,37.2982776402119,37.52205814270791,,,,
2019-01-02,9759,9763,9306,9370,10117.55,11245.797042983071,8989.302957016927,32.486843681341355,36.033879310777905,,,,
2019-01-07,9386,9802,9373,9750,10065.7,11160.95049189671,8970.449508103291,42.61799024742389,36.04541184141275,,,,
2019-01-14,9756,9850,9660,9821,10005.65,11012.736545436886,8998.563454563113,44.29983574682139,36.82592974386619,,,,
2019-01-21,9822,9989,9795,9968,9961.8,10892.344915627447,9031.255084372551,47.716620818883634,37.90590251065073,,,,
2019-01-28,9972,10038,9880,9924,9914.05,10744.006739836515,9084.093260163483,46.79139612842162,39.322997279694754,,,,
2019-02-11,10006,10141,9966,10042,9867.55,10545.489370445528,9189.61062955447,49.61308617660122,40.16394558593446,,,,
2019-02-18,10040,10326,10029,10308,9835.2,10342.846963942402,9327.5530360576,55.36001473114426,41.49161738954457,,,,
2019-02-25,10314,10420,10314,10361,9827.75,10298.606188235868,9356.893811764132,56.42641500595442,42.9013567893867,,,,
2019-03-04,10386,10400,10162,10201,9839.9,10335.46549516691,9344.334504833088,52.35988756355709,44.17934361412647,,,,
2019-03-11,10190,10430,10149,10413,9865.5,10420.392602221378,9310.607397778622,56.802147501173486,45.37500155727888,,,,
2019-03-18,10414,10663,10409,10613,9924.95,10530.371662975424,9319.528337024578,60.5403532492149,46.956603611447846,,,,
2019-03-25,10610,10629,10419,10598,9961.25,10633.041001725966,9289.458998274034,60.12014265939811,48.527377982576944,,,,
2019-04-01,10594,10727,10592,10695,10006.45,10744.69913816401,9268.200861835992,61.95896400553853,50.3137125111204,,,,
2019-04-08,10778,10885,10745,10802,10057.3,10864.418851223309,9250.18114877669,63.934455485189,52.21629664290448,,,,
2019-04-15,10805,11042,10800,10973,10124.7,10998.538909639494,9250.861090360508,66.89338499790873,54.67390673694501,,,,
2019-04-22,10980,11060,10900,10934,10178.7,11110.509014766418,9246.890985233584,65.57204663222892,56.313482193002514,,,,
2019-04-29,10921,11094,10883,11092,10246,11235.71127102806,9256.28872897194,68.30364797148225,58.02804020904971,,,,
2019-05-06,11094,11138,10594,10744,10296.75,11279.28200965667,9314.21799034333,57.48511536076517,58.72578981918411,,,,
2019-05-13,10757,10790,10376,10413,10334.55,11272.899929397361,9396.200070602637,49.46062447854349,58.91644898704995,,,,
2019-05-20,10407,10515,10238,10341,10368.15,11255.506585595655,9480.793414404345,47.89446287028672,58.79369017945606,,,,
2019-05-27,10352,10493,10216,10455,10422.4,11182.58245178379,9662.21754821621,50.56365812224125,58.45109327882013,,,,
2019-06-03,10444,10510,10351,10365,10453.15,11149.088007296612,9757.211992703387,48.453365149742936,57.881589717662166,,,,
2019-06-10,10470,10618,10442,10528,10488.5,11121.373605074505,9855.626394925495,52.33350404558405,57.87970518066408,,,,
2019-06-17,10521,10677,10331,10586,10519.4,11106.278999453873,9932.521000546127,53.66990033430876,57.65597324017375,,,,
2019-06-24,10594,10647,10500,10577,10552.05,11071.594213710496,10032.505786289503,53.419622695517084,57.14734962919533,,,,
2019-07-01,10585,10782,10152,10718,10585.85,11053.647082077214,10118.052917922787,56.817156475478846,56.91142204462967,,,,
2019-07-08,10712,10833,10630,10811,10611,11070.349975508845,10151.650024491155,58.94423465817997,56.696084234104056,,,,
2019-07-15,10805,10892,10623,10740,10629.95,11077.60409637346,10182.295903626542,56.65002854282163,56.175768023934964,,,,
2019-07-22,10742,10836,10711,10788,10659.3,11065.680166838998,10252.919833161,57.84459933912257,55.529426191164525,,,,
2019-07-29,10786,10837,10440,10469,10662.1,11062.379352452688,10261.820647547313,48.31564972376432,54.296826411988484,,,,
2019-08-05,10473,10482,10088,10470,10654.95,11063.505247181978,10246.394752818023,48.344376958147464,52.87116419675028,,,,
2019-08-12,10439,10491,10206,10412,10645.65,11067.227644094155,10224.072355905844,46.72229930650554,52.102391621446024,,,,
2019-08-19,10404,10564,10390,10497,10635.75,11061.505739832111,10209.994260167889,49.40169735717115,52.098182541348,,,,
2019-08-26,10505,10584,10294,10577,10624.5,11043.933188958608,10205.066811041392,51.85579332974676,52.38113471702371,,,,
2019-09-02,10573,10795,10523,10767,10614.2,11008.243956938724,10220.156043061277,57.16905873816506,52.852949046732554,,,,
2019-09-09,10776,10870,10723,10824,10608.7,10987.511879433498,10229.888120566504,58.64363019754285,53.58082512157541,,,,
2019-09-16,10803,10936,10801,10899,10599.05,10935.598644329566,10262.501355670433,60.567322313963615,54.168954997888235,,,,
2019-09-23,10906,10932,10792,10823,10603,10948.00898539022,10257.99101460978,57.64138783804225,54.45263267672634,,,,
2019-09-30,10834,10964,10769,10877,10626.2,10979.291262990093,10273.108737009909,59.15135910956578,54.86204242058695,,,,
2019-10-07,10864,11021,10853,10883,10653.3,10997.766602154794,10308.833397845205,59.32485860150951,55.04116400101771,,,,
2019-10-14,11065,11245,11030,11149,10688,11081.852764367599,10294.147235632401,66.18253141882028,55.55818519820631,,,,
2019-10-21,11143,11328,11125,11283,10733.9,11177.332024102949,10290.46797589705,69.01644606787995,56.44150073571048,,,,
2019-10-28,11288,11396,11276,11371,10776.05,11288.129866817688,10263.97013318231,70.74998771951515,57.3633141914528,,,,
2019-11-04,11370,11682,11361,11572,10825.35,11435.257624153037,10215.442375846964,74.28855604198132,59.218521785611166,,,,
2019-11-11,11571,11602,11413,11532,10873.1,11544.220227679032,10201.979772320969,72.41116102508157,60.937577790392176,,,,
2019-11-18,11527,11660,11450,11554,10914.9,11643.821916257171,10185.978083742828,72.81803689581497,62.80155904677142,,,,
2019-11-25,11548,11682,11462,11464,10947.55,11712.5377057836,10182.5622942164,68.37547603753023,64.15682895251135,,,,
2019-12-02,11467,11670,11423,11611,10991.1,11801.678534134691,10180.52146586531,71.4403129666891,65.55572321229295,,,,
2019-12-09,11622,12007,11559,11963,11049.85,11957.538994094311,10142.16100590569,77.15070781075896,66.98298386033538,,,,
2019-12-16,11957,12118,11908,11979,11125.35,12077.339973686681,10173.36002631332,77.37217909791809,68.32073735321931,,,,
2019-12-23,11977,12111,11958,12097,11206.7,12198.031246355085,10215.368753644916,78.98960918405633,69.63661498679737,,,,
2019-12-30,12105,12198,11992,12087,11290.45,12282.093781808733,10298.806218191268,78.47765455343654,71.12491975218268,,,,
2020-01-06,12090,12093,11697,12011,11366.15,12334.840513012314,10397.459486987686,74.52436979315368,72.22299194386753,,,,
2020-01-13,12013,12200,11991,12071,11440.85,12384.69962255645,10497.00037744355,75.57064613501234,73.38340533911773,,,,
2020-01-20,12077,12160,12072,12111,11508.05,12441.74919674382,10574.350803256179,76.27033740693852,74.10396290969761,,,,
2020-01-30,11773,11798,11272,11469,11540.3,12420.273885976181,10660.326114023817,51.01504231255258,72.81814835574565,,,,
2020-02-03,11458,11744,11153,11589,11574.8,12404.145669790389,10745.45433020961,54.07606649459539,71.6271539825371,,,,
2020-02-10,11612,11852,11402,11810,11624.15,12383.159690320248,10865.140309679751,59.14010480593266,70.54512175139077,,,,
2020-02-17,11807,11830,11588,11663,11663.45,12340.6301754334,10986.269824566602,54.810655640481926,69.28794279534793,,,,
2020-02-24,11665,11678,11236,11276,11683.1,12287.44390871419,11078.756091285812,45.38985768775909,67.32878713762965,,,,
2020-03-02,11013,11501,11008,11269,11689.1,12274.19038617977,11104.009613820232,45.23839639733851,65.67613859190168,,,,
2020-03-09,11258,11287,9451,10027,11626.3,12546.130006033727,10706.469993966271,27.62474619325114,62.54645525094181,,,,
2020-03-16,10034,10346,8268,9041,11509.8,12964.281983387931,10055.318016612067,20.72567231667962,58.5160955727933,,,,
2020-03-23,9153,9911,8555,9579,11410.15,13089.620544546704,9730.679455453295,30.870526156961063,55.19454893415351,,,,
2020-03-30,9610,9718,9265,9555,11311.3,13173.256723449847,9449.343276550151,30.681896887667918,51.74399805584005,,,,
2020-04-06,9723,10197,9582,10133,11240.25,13167.057709658644,9313.442290341356,40.16445630037026,49.00734103776389,,,,
2020-04-13,10130,10669,10031,10563,11195.2,13141.013619029307,9249.386380970695,46.07459433360546,46.975214219224725,,,,
2020-04-20,10542,10568,10061,10268,11128.05,13104.287888008439,9151.81211199156,42.94095960496445,44.64452232422131,,,,
2020-04-27,10285,10971,10265,10947,11077.25,13016.920371480674,9137.579628519326,51.17254327558975,42.85182274341069,,,,
2020-05-04,10544,10956,10476,10894,11023,12918.952109099799,9127.047890900201,50.559414431591975,42.81927789477065,,,,
2020-05-11,10875,11038,10645,10817,10959,12790.95043601075,9127.04956398925,49.62905599755996,42.50163428783954,,,,
2020-05-18,10818,11008,10691,10744,10891.85,12650.478474124071,9133.22152587593,48.71385273254343,41.75690199688317,,,,
2020-05-25,10728,11077,10650,10919,10837.25,12519.658259014444,9154.841740985556,51.04453257369219,41.48789320639819,,,,
2020-06-01,10912,11472,10864,11457,10806.55,12418.727964742113,9194.372035257886,57.446926458018424,42.34911240427385,,,,
2020-06-08,11475,11745,11250,11391,10770.55,12294.338761607085,9246.761238392914,56.47122989063496,43.15145765379503,,,,
2020-06-15,11375,11555,11180,11409,10767.55,12286.053668089098,9249.0463319109,56.687290989147996,45.227353710644806,,,,
2020-06-22,11440,11570,11334,11523,10764.25,12275.869909236446,9252.630090763554,58.105607346919065,47.897349069947616,,,,
2020-06-29,11396,11850,11314,11834,10765.45,12280.423065767154,9250.476934232847,61.78234019665987,50.10533578706896,,,,
2020-07-06,11865,12222,11850,11995,10782.05,12342.588557678097,9221.511442321902,63.5650260192112,52.45413072503634,,,,
2020-07-13,12005,12297,11932,12039,10820.2,12462.346838744907,9178.053161255095,64.05844860340495,54.160844460967404,,,,
2020-07-20,12047,12369,11903,12150,10864.25,12596.957116047022,9131.542883952978,65.33389041795229,55.53650846699218,,,,
2020-07-27,12151,12900,12104,12576,10991.7,12831.025974372124,9152.374025627878,69.76796075571335,57.452722834902815,,,,
2020-08-03,12585,12925,12370,12759,11177.6,12940.696299128327,9414.503700871674,71.45693950203663,58.90160827964902,,,,
2020-08-10,12758,12905,12565,12789,11338.1,13074.096877877368,9602.103122122633,71.73571181778293,60.414200950091235,,,,
2020-08-17,12792,13029,12066,12551,11487.9,13094.84155463104,9880.958445368959,66.2108824847767,61.59861712774957,,,,
2020-08-24,12563,12925,12464,12688,11615.65,13177.020587016425,10054.279412983575,67.75057407048831,62.95838293760278,,,,
2020-08-31,12685,12858,12476,12607,11717.85,13257.667947031383,10178.032052968618,65.84029084155348,64.0152228138786,,,,
2020-09-07,12607,12736,12433,12663,11837.6,13277.019244000814,10398.180755999187,66.54265754721675,64.66491789167847,,,,
2020-09-14,12657,12957,12582,12833,11931.9,13372.694350349839,10491.10564965016,68.64998981016043,65.5348293145017,,,,
2020-09-21,12831,12877,12050,12195,11996.95,13359.799731261663,10634.100268738339,54.72017115982123,65.39432075526409,,,,
2020-09-28,12208,12547,12126,12473,12079.75,13343.397241123892,10816.102758876108,58.65674541315683,65.43368775999535,,,,
2020-10-05,12570,12876,12485,12873,12186.2,13335.322030073368,11037.077969926633,63.56505221726194,65.56102433289551,,,,
2020-10-12,12930,12995,12719,12748,12277.65,13292.043271862563,11263.256728137436,61.12293803224168,65.3865894766834,,,,
2020-10-19,12898,12946,12703,12838,12346.7,13315.218063848006,11378.181936151996,62.247568050419524,65.25724086575586,,,,
2020-10-26,12823,12935,12407,12413,12397.8,13261.390782720659,11534.20921727934,54.26460715611324,64.46657777562451,,,,
2020-11-02,12398,12991,12370,12937,12474.2,13239.081324128088,11709.318675871913,60.91933892273485,63.834533358983194,,,,
2020-11-09,12942,13350,12924,13282,12562.15,13271.836205304844,11852.463794695155,64.57419561496965,63.34290879562126,,,,
2020-11-16,13295,13839,13293,13733,12657.1,13454.426758612828,11859.773241387173,68.69569003887267,63.12576438284196,,,,
2020-11-23,13733,13943,13662,13878,12751.25,13651.648328519093,11850.851671480907,69.907861868109,63.389834338794266,,,,
2020-11-30,13890,14148,13665,14133,12855.95,13879.304967740845,11832.595032259156,71.96391477034823,63.690787245927105,,,,
2020-12-07,14150,14425,14087,14237,12960.3,14094.092944059917,11826.507055940081,72.78075141428799,64.18653442969386,,,,
2020-12-14,14240,14286,13988,14136,13038.3,14266.333892040446,11810.266107959553,70.62860801386431,64.4783880344544,,,,
2020-12-21,14140,14382,14000,14304,13115.55,14453.083023891384,11778.016976108614,72.10613672790541,64.72525567143619,,,,
2020-12-28,14307,14712,14260,14678,13210,14700.04509998858,11719.95490001142,75.10816832910481,66.18154118352787,,,,
2021-01-04,14641,15473,14636,15451,13355,15102.4823032008,11607.5176967992,79.91868134952,67.7002508932681,,,,
2021-01-11,15460,16061,15335,15632,13502.2,15480.833629553446,11523.566370446555,80.85181923476364,68.9350199659468,,,,
2021-01-18,15642,16183,15326,15977,13670.7,15876.617595922373,11464.782404077629,82.51921862856496,70.46332572282704,,,,
2021-01-25,15952,16004,15062,15070,13791.05,16026.36925907689,11555.730740923109,66.19868488700769,70.7455483540119,,,,
2021-02-01,15130,15985,15035,15802,13939.5,16291.884874972635,11587.115125027365,71.15674704183085,71.9521297744203,,,,
2021-02-17,15713,16526,15701,16309,14145.2,16569.806079345646,11720.593920654355,74.00128547532177,72.88655452817652,,,,
2021-02-22,16341,16563,15851,15931,14318.1,16734.233845630246,11901.966154369757,68.5715339510003,73.17207869503584,,,,
2021-03-02,16243,16277,15569,15847,14466.8,16874.932106010823,12058.667893989175,67.38822840294048,73.07868857818355,,,,
2021-03-08,15866,16285,15607,16223,14640.55,17028.92538716177,12252.174612838231,69.89271052805574,73.07760633960831,,,,
2021-03-15,16196,16401,15952,16010,14799.15,17107.604571786065,12490.695428213934,66.76470906755674,72.70623450369463,,,,
2021-03-22,16012,16293,15858,16285,14992.75,17109.787163112644,12875.712836887358,68.7116614918385,72.41558522351967,,,,
2021-03-29,16289,16586,16240,16549,15173.35,17170.984128162618,13175.715871837385,70.49838581624641,72.40628363797553,,,,
2021-04-06,16777,16977,16674,16839,15351.2,17275.636707195088,13426.763292804913,72.36523638628069,72.42479075643091,,,,
2021-04-12,16833,17160,16591,17156,15522.35,17449.532842908247,13595.167157091752,74.28108984199751,72.36571372163753,,,,
2021-04-19,17145,17368,17011,17255,15691.2,17604.21600620588,13778.183993794122,74.86710607539568,72.00488691634294,,,,
2021-04-26,17255,17703,17251,17569,15863,17802.380932153344,13923.619067846656,76.68190800956509,71.70703611454304,,,,
2021-05-03,17504,17534,16660,17283,16015.3,17897.565135415327,14133.034864584672,71.6098897462643,70.92779833723586,,,,
2021-05-10,17269,17375,15030,15766,16096.8,17776.80876188193,14416.791238118069,51.973091443870686,69.91168451986893,,,,
2021-05-17,15744,16424,15099,16259,16194.55,17659.693197779667,14729.40680222033,56.178700934186054,68.84182408360859,,,,
2021-05-24,16252,16878,16006,16863,16303.8,17618.44163938318,14989.158360616815,60.717286183997565,67.89296699137114,,,,
2021-05-31,16850,17312,16803,17103,16386.4,17683.81364259817,15088.986357401833,62.38438889480999,67.45102805878612,,,,
2021-06-07,17105,17299,16719,17217,16465.65,17762.690982390188,15168.609017609813,63.183634182289175,67.15069990016818,,,,
2021-06-15,17317,17400,17035,17254,16529.5,17849.557347239162,15209.442652760838,63.45504115177437,66.69086637329093,,,,
2021-06-21,17257,17562,16890,17423,16647.15,17839.1339386501,15455.166061349904,64.7338561402957,66.54580544991515,,,,
2021-06-28,17419,17774,17398,17649,16739.5,17941.413724025108,15537.586275974892,66.42582367464472,66.38253132011559,,,,
2021-07-05,17652,17974,17526,17661,16807.1,18055.73283634543,15558.467163654566,66.5176795815081,66.09819516049141,,,,
2021-07-12,17702,18045,17702,17924,16906.75,18177.712764993492,15635.787235006508,68.54863507232295,65.825580780923,,,,
2021-07-19,17906,17951,17187,17406,16984.7,18174.774636314825,15794.625363685174,60.73453030996407,64.85796938577776,,,,
2021-07-26,17411,17487,16735,17174,17032.25,18171.707392797158,15892.792607202842,57.56923810528634,63.62240738791281,,,,
2021-08-02,17172,17588,17160,17439,17103.7,18153.477519286786,16053.922480713216,60.12555867513959,62.43981100688241,,,,
2021-08-09,17448,17478,16933,16936,17136.25,18120.813634307073,16151.686365692927,53.53288028868893,61.14859604562702,,,,
2021-08-16,16948,16962,16049,16188,17118.2,18156.913357957845,16079.486642042159,45.536699400573056,60.68885375682005,,,,
2021-08-23,16223,17219,16195,17172,17134.85,18165.77429886975,16103.925701130249,55.04889108125878,60.60815305303954,,,,
2021-08-30,17194,17553,17144,17508,17152.45,18196.157138042043,16108.742861957957,57.76165729607339,60.39703670390209,,,,
2021-09-06,17485,17595,17084,17473,17163.35,18215.63157353449,16111.068426465505,57.373243354461806,60.03909773673437,,,,
2021-09-13,17461,17568,17165,17294,17149.6,18187.40718825812,16111.792811741876,55.3242508200613,59.47771321086094,,,,
2021-09-22,16838,17275,16752,17248,17147.85,18184.869242830297,16110.8307571697,54.78279300213508,58.858266914458135,,,,
2021-09-27,17224,17344,16414,16518,17185.45,18061.346221021544,16309.553778978458,46.93270717733287,57.586756274246504,,,,
2021-10-04,16462,16798,16106,16625,17203.75,18014.31372358992,16393.18627641008,48.10649299359717,56.278232654171674,,,,
2021-10-12,16613,16790,16260,16780,17199.6,18017.912507542278,16381.287492457719,49.83740320046822,55.08678434124026,,,,
2021-10-18,16785,17047,16674,16853,17187.1,18018.466561752473,16355.733438247522,50.67191336844127,53.80987564810585,,,,
2021-10-25,16845,17112,16726,16946,17173.55,18011.334572548483,16335.765427451513,51.77266579209168,53.16974246825782,,,,
2021-11-01,16930,17280,16881,17269,17174.3,18012.398108815607,16336.201891184393,55.48783308171477,53.02107068085986,,,,
2021-11-08,17277,17638,17241,17544,17180.35,18027.242738190722,16333.457261809275,58.424391132688775,52.899558713541936,,,,
2021-11-15,17540,17949,17520,17852,17190.5,18064.062476300405,16316.937523699595,61.488818958903494,53.467840047128696,,,,
2021-11-22,17843,17888,17306,17342,17174.55,18024.497168946433,16324.602831053566,54.345813003360384,54.09706244732779,,,,
2021-11-29,17324,17775,17064,17706,17163.65,17979.791966816927,16347.508033183076,58.08810799260336,54.314149369566685,,,,
2021-12-06,17707,17988,17527,17818,17184.25,18043.481255250823,16325.018744749177,59.19640747176857,54.41663152497348,,,,
2021-12-13,17824,17943,17441,17785,17214.8,18112.967155934934,16316.632844065065,58.70383859904867,54.51167404244398,,,,
2021-12-20,17784,18035,17495,17957,17240.7,18191.562787156992,16289.83721284301,60.54654378285185,54.884694968357586,,,,
2021-12-27,17945,18291,17910,18209,17304.35,18332.40024682657,16276.299753173424,63.1415590183076,55.481749683798476,,,,
2022-01-03,18270,18576,18115,18146,17402.25,18356.70122976509,16447.79877023491,62.042878339221545,56.56104762393339,,,,
2022-01-10,18134,18650,18022,18360,17461.65,18495.921584256186,16427.378415743817,64.31435188114489,57.7187518301868,,,,
2022-01-17,18386,18583,17837,17896,17481.05,18532.484539094163,16429.615460905836,56.429245694973055,58.18959772265142,,,,
2022-01-24,17896,17981,17508,17624,17488.6,18541.861866773965,16435.338133226032,52.3754398996277,58.311278189164746,,,,
2022-02-07,17649,18397,17438,18273,17537.55,18639.937858242283,16435.162141757715,59.796746449918395,58.884426807580944,,,,
2022-02-14,18288,18380,17829,18227,17586.5,18719.626206563065,16453.373793436935,59.093852962321314,59.14199965619569,,,,
2022-02-21,18211,18255,17225,17610,17641.1,18662.776250091178,16619.42374990882,50.51643327793543,58.577145523713305,,,,
2022-03-01,17601,17979,17503,17668,17693.25,18602.423663278914,16784.076336721086,51.233018326719915,57.8445883357002,,,,
2022-03-07,17691,17747,16638,17226,17715.55,18553.086261901684,16878.013738098314,45.79093465975548,57.233525596871274,,,,
2022-03-14,17280,17496,16670,17393,17742.55,18497.90434730996,16987.19565269004,48.03683138884479,56.51557726803138,,,,
2022-03-21,17393,17761,17305,17621,17776.3,18441.176259164105,17111.423740835893,51.020400823078106,55.93157679312492,,,,
2022-03-28,17626,17774,17304,17557,17790.7,18422.6642711419,17158.7357288581,50.14995670203709,55.32058522905266,,,,
2022-04-06,17571,17624,17123,17304,17778.7,18437.491347848438,17119.908652151564,46.75415389610989,54.335414522856816,,,,
2022-04-11,17329,17383,16906,16980,17735.1,18478.680500013466,16991.51949998653,42.7608917071247,52.879652572058035,,,,
2022-04-18,16973,17222,16814,16992,17717.6,18512.094153534355,16923.10584646564,42.9552237535841,51.51624867308393,,,,
2022-04-25,16998,17013,16160,16581,17661.35,18597.784573261943,16724.915426738055,38.17472957998556,49.6491327944297,,,,
2022-05-03,16599,16776,16266,16356,17588.25,18679.76965167838,16496.73034832162,35.82423571991413,48.17734636763977,,,,
2022-05-09,16336,16418,15526,15849,17491.45,18814.775428607725,16168.124571392276,31.167372633004263,46.662484420023816,,,,
2022-05-16,15836,16227,15749,16136,17400.4,18829.43161616526,15971.368383834742,36.221535318430426,44.978540767774675,,,,
2022-05-23,16123,16263,15835,16229,17301.4,18766.526670291634,15836.273329708369,37.81494205359329,43.45861856000839,,,,
2022-05-30,16252,16755,16225,16533,17220.75,18668.505625096965,15772.994374903035,42.84190466416544,42.9104379447391,,,,
2022-06-06,16561,16704,16350,16474,17126.45,18509.33661501942,15743.563384980582,42.13007681665967,42.260227836877654,,,,
2022-06-13,16460,16512,15093,15202,16991.75,18560.84500987037,15422.654990129631,30.40197389646977,41.16101635378582,,,,
2022-06-20,15156,15415,14803,15053,16863.2,18614.702509275954,15111.697490724047,29.370563196774555,39.827711482923654,,,,
2022-06-27,15040,15399,14128,14175,16658.3,18645.157226878695,14671.442773121302,24.167545269876967,37.909650371980725,,,,
2022-07-04,14200,14485,13830,14332,16463.55,18557.842670569276,14369.25732943072,26.669154998285833,36.23245025028421,,,,
2022-07-11,14336,14542,13850,14479,16307,18500.820503140578,14113.179496859422,29.029863946073505,34.96642953956732,,,,
2022-07-18,14452,14855,14410,14755,16161.35,18361.18392782272,13961.516072177279,33.36717354227871,34.295449670649745,,,,
2022-07-25,14775,14990,14582,14940,16047.05,18251.285602198648,13842.814397801352,36.182519497200175,33.81168508090804,,,,
2022-08-01,14934,15020,14461,15011,15927.95,18085.327804187273,13770.572195812729,37.277826679638174,33.74762058802609,,,,
2022-08-08,15013,15332,14832,15274,15810.6,17838.26894733827,13782.931052661728,41.29701668022209,34.138533513762376,,,,
2022-08-15,15274,15451,15224,15354,15700.45,17569.841181641765,13831.058818358239,42.50392575709198,34.94828730834006,,,,
2022-08-22,15331,15342,14987,15241,15597.3,17323.569978885134,13871.030021114866,41.214957055243005,35.304960289540965,,,,
2022-08-29,15249,15296,14583,14598,15478.2,17133.68090898082,13822.71909101918,34.75602593334496,35.086466280951804,,,,
2022-09-05,14620,14770,14303,14545,15355.85,16903.943443562133,13807.756556437867,34.27917163664952,34.47484249327209,,,,
2022-09-12,14550,14937,14440,14485,15251.05,16735.68416032369,13766.415839676307,33.7152202703986,33.87378131139631,,,,
2022-09-19,14470,14579,14056,14118,15139.15,16611.097590778976,13667.202409221021,30.418729235761717,33.874978121345734,,,,
2022-09-26,14106,14134,13290,13394,15016.4,16633.40085343209,13399.399146567908,25.186857703176983,33.5761420146602,,,,
2022-10-03,13420,13956,13215,13688,14894,16524.02858870636,13263.97141129364,30.420351148316115,34.02277100597728,,,,
2022-10-11,13664,13716,12666,13168,14740.95,16415.06654014881,13066.833459851192,26.843552628618724,34.03522797957249,,,,
2022-10-17,13148,13208,12663,12805,14554.55,16219.17554047451,12889.924459525488,24.66347256539497,33.723342880952586,,,,
2022-10-24,12825,13126,12651,12767,14369.2,15961.609821622551,12776.79017837745,24.43970861037893,33.08566681438832,,,,
2022-10-31,12740,13140,12730,13029,14260.55,15906.473992777333,12614.626007222665,29.20861391857497,32.587530701629376,,,,
2022-11-07,13047,14061,12990,14054,14210.6,15817.467436971674,12603.732563028327,44.07859475268947,33.07329984970447,,,,
2022-11-14,14079,14739,14051,14465,14225.1,15835.65032830393,12614.549671696072,48.72913372479153,33.604165352888,,,,
2022-11-21,14460,14827,14364,14710,14244,15867.940762466422,12620.059237533578,51.32759906102822,34.23442773174059,,,,
2022-11-28,14709,15119,14404,14884,14264.25,15909.369554926032,12619.130445073968,53.14386960312677,35.086492913732286,,,,
2022-12-05,14879,15046,14412,14709,14261.95,15904.44523286977,12619.454767130232,51.07936094632399,36.25244541465936,,,,
2022-12-12,14726,14783,14408,14463,14238.1,15854.159763746367,12622.040236253633,48.24227152161836,37.249809692157136,,,,
2022-12-19,14483,14511,14089,14189,14197,15773.673587017942,12620.326412982058,45.22895818942491,38.072219543516155,,,,
2022-12-26,14190,14392,13938,14135,14140.05,15637.283912920791,12642.816087079207,44.63720391014704,39.08782487740082,,,,
2023-01-03,14120,14404,13952,14366,14090.65,15486.151239698494,12695.148760301505,47.7844286798431,40.70193709001983,,,,
2023-01-09,14361,15020,14324,14834,14070.3,15408.814116473965,12731.785883526034,53.546123629137085,42.353777981507044,,,,
2023-01-16,14855,15051,14805,15051,14092.95,15480.836519136163,12705.063480863839,55.97204809426132,44.43438480048152,,,,
2023-01-30,14906,15668,14812,15581,14144.75,15667.078725998428,12622.421274001572,61.289299168287734,47.05051527211672,,,,
2023-02-06,15577,15742,15307,15577,14199.35,15840.286961007307,12558.413038992694,61.22919756504406,49.67833591173565,,,,
2023-02-13,15587,15725,15338,15436,14265.25,15991.471292302944,12539.028707697056,59.03168978316425,51.808555616349174,,,,
2023-02-20,15434,15699,15306,15541,14372.6,16135.392148836603,12609.807851163398,60.17786564194387,52.958503537010195,,,,
2023-03-01,15539,15670,15333,15615,14468.95,16281.48385899406,12656.416141005942,61.00586425403409,53.835412860527526,,,,
2023-03-06,15618,15894,15452,15481,14584.6,16344.751743458492,12824.44825654151,58.628626822697754,54.35691484350392,,,,
2023-03-13,15473,15568,15069,15405,14714.6,16305.747435029189,13123.452564970812,57.26564945741252,54.651327690238624,,,,
2023-03-20,15416,15979,15203,15917,14872.1,16273.188562511295,13471.011437488705,63.43312967249265,55.53373974210781,,,,
2023-03-27,15906,15966,15642,15864,15013.85,16197.085610518832,13830.614389481168,62.42873185162826,56.54705833710852,,,,
2023-04-06,15850,15928,15701,15818,15102.05,16248.347775449307,13955.752224550692,61.51827283363899,57.71058081169524,,,,
2023-04-10,15812,16003,15732,15948,15176.2,16339.800206256401,14012.5997937436,63.153731618773584,59.03318993374,,,,
2023-04-17,15946,15980,15602,15614,15221.4,16379.268109933106,14063.531890066894,56.50882170572911,59.65636086416042,,,,
2023-04-24,15611,15670,15287,15572,15255.8,16412.40772952633,14099.192270473668,55.71495178649155,59.81127716111431,,,,
2023-05-02,15568,15696,15488,15642,15302.45,16442.21690160748,14162.683098392521,56.804153991404206,59.870713296624515,,,,
2023-05-08,15645,15779,15405,15506,15354.6,16429.561096970498,14279.638903029503,54.02403149739531,59.35176560584648,,,,
2023-05-15,15506,16161,15415,16127,15451.5,16434.138590734165,14468.861409265835,62.942616612112,59.474152680637054,,,,
2023-05-22,16122,16457,15950,16438,15566.65,16438.740884025276,14694.559115974722,66.45239772493593,60.00420324790645,,,,
2023-05-29,16458,16738,16395,16711,15683.9,16508.004095366636,14859.795904633364,69.20924414848486,60.64930171265938,,,,
2023-06-05,16721,16965,16657,16886,15786.5,16670.572055886834,14902.427944113164,70.86222404765151,61.353327412203484,,,,
2023-06-12,16889,17366,16853,17269,15897.4,16928.786135256825,14866.013864743172,74.1349253357102,62.46092016313294,,,,
2023-06-19,17266,17310,16950,17003,15968.5,17094.54840038073,14842.451599619271,68.38968602048816,63.25549420335263,,,,
2023-06-26,17003,17022,16670,16787,16029,17193.76521239261,14864.23478760739,64.04903699309452,63.299487583395624,,,,
2023-07-03,16778,17125,16518,16624,16088.4,17247.295922850706,14929.504077149293,60.907422997509386,63.19082266524428,,,,
2023-07-10,16614,17304,16545,17291,16175.9,17417.566122594955,14934.233877405044,67.85556818930084,63.643486619220134,,,,
2023-07-17,17274,17386,16817,16947,16242.5,17499.476451648938,14985.523548351062,61.75891444154251,63.543856820846486,,,,
2023-07-24,16956,17332,16866,17262,16331.55,17612.24113762846,15050.858862371539,64.87137584257239,64.14118211633529,,,,
2023-07-31,17290,17425,16660,16823,16402.45,17625.83390949042,15179.066090509583,57.80962248357908,64.29080145184155,,,,
2023-08-07,16823,17052,16572,16625,16437.85,17643.84706052723,15231.852939472767,54.90647973983467,64.15525329101516,,,,
2023-08-14,16631,16645,16205,16353,16462.3,17640.27149371288,15284.32850628712,51.10933717932511,63.94706083972442,,,,
2023-08-21,16350,16798,16266,16426,16492.7,17633.383672189626,15352.016327810376,52.067419339520164,63.170261034539294,,,,
2023-08-28,16396,16778,16361,16651,16527.85,17642.25087491,15413.449125089996,54.9948295333419,62.3518633065683,,,,
2023-09-04,16635,16800,16464,16562,16575.25,17607.77658561419,15542.723414385811,53.60034867950593,61.23694220164123,,,,
2023-09-11,16574,16917,16366,16904,16641.85,17573.8811743714,15709.818825628598,58.0068135172771,60.31869859232877,,,,
2023-09-18,16903,16905,16188,16344,16676.95,17502.514649194727,15851.385350805276,49.68615684868487,58.57235798611267,,,,
2023-09-25,16343,16491,16198,16367,16720,17367.404664796257,16072.595335203745,50.003364653114524,57.259049317014565,,,,
2023-10-02,16353,16609,16164,16528,16740.05,17335.505951351533,16144.594048648463,52.27173889794277,56.41781373878944,,,,
2023-10-11,16530,16860,16438,16771,16756.7,17335.840432019617,16177.559567980386,55.549769668795626,56.035124215309885,,,,
2023-10-16,16775,16788,16255,16414,16741.85,17339.84039289961,16143.859607100389,50.105162903738226,54.76723812348398,,,,
2023-10-23,16405,16480,16033,16152,16705.15,17351.395858787353,16058.904141212652,46.5028488386386,53.67751915184799,,,,
2023-10-30,16154,16536,15973,16514,16667.4,17263.768812061593,16071.031187938412,51.67275968354319,52.73476085477448,,,,
2023-11-06,16514,16843,16472,16732,16653.85,17231.111214702865,16076.588785297132,54.522971180504264,52.500000047411994,,,,
2023-11-13,16750,17260,16743,17219,16675.45,17301.307323996345,16049.592676003655,60.173788168221385,52.87623636372532,,,,
2023-11-20,17219,17425,17154,17293,16708.9,17389.316019799506,16028.483980200497,60.967446472983326,53.580387027558054,,,,
2023-11-27,17288,17450,17145,17424,16715.55,17420.74117266182,16010.35882733818,62.39608350866772,54.31814875392574,,,,
2023-12-04,17427,17507,17231,17375,16736.95,17493.074189535,15980.825810465,61.489505029332925,54.78205414649652,,,,
2023-12-11,17372,17774,17335,17673,16757.5,17588.24484650824,15926.75515349176,64.83572586642757,55.5845810884195,,,,
2023-12-18,17681,17707,17377,17560,16794.35,17695.82019362829,15892.879806371708,62.61398350375488,55.91366465888219,,,,
2023-12-25,17551,17900,17533,17870,16856.6,17867.944135297315,15845.255864702682,66.0509469786256,57.082578239592245,,,,
2024-01-02,17871,17920,17479,17518,16914.85,17937.59733438916,15892.102665610837,59.37607608246928,57.7520576274033,,,,
2024-01-08,17509,17782,17396,17487,16967.9,17993.780675322356,15942.019324677649,58.812391219193216,58.219247078921185,,,,
2024-01-15,17489,17683,17162,17674,17019.05,18078.104384816972,15959.995615183027,61.20496647479121,58.62318970792087,,,,
2024-01-22,17689,18089,17650,17999,17090.9,18209.48301435334,15972.316985646663,65.00929614482817,59.68777065371301,,,,
2024-01-29,17996,18153,17883,18084,17149.9,18344.708419789487,15955.091580210516,65.94976069397904,61.076835786237325,,,,
2024-02-05,18080,18107,17958,18105,17237.95,18441.73743555489,16034.16256444511,66.19152953380555,62.11389077554178,,,,
2024-02-15,18086,18727,18026,18639,17351.55,18631.535074131803,16071.564925868195,71.69514134623729,63.34047435880843,,,,
2024-02-19,18639,19004,18596,18912,17470.75,18861.03096081335,16080.469039186648,74.02329877410612,64.32972511637162,,,,
2024-02-26,18917,19019,18750,18961,17580.25,19073.956514011403,16086.543485988597,74.42983845433854,65.29132454361128,,,,
2024-03-04,18966,20009,18912,19794,17749.25,19430.031113054312,16068.468886945688,80.12452743776869,66.5576419671185,,,,
2024-03-11,19781,20064,19655,19728,17928.05,19651.417688568024,16204.682311431974,78.63032234684628,67.78198606122659,,,,
2024-03-18,19733,20358,19710,20240,18114.35,19985.25366133594,16243.446338664058,81.51085193077509,68.97306649439427,,,,
2024-03-25,20224,20459,20037,20278,18291.65,20273.729037273726,16309.570962726275,81.70792876250587,70.3369197271622,,,,
2024-04-01,20286,20553,20260,20351,18448.25,20557.423285910867,16339.076714089133,82.10259740838126,71.48346618643045,,,,
2024-04-08,20352,20893,20342,20753,18621.25,20884.95270795439,16357.547292045609,84.13287682229141,73.25180909641776,,,,
2024-04-15,20761,20767,19269,19559,18728,20956.89237066307,16499.10762933693,61.73298057578898,73.46042262188887,,,,
2024-04-22,19617,20270,19447,20176,18868.05,21091.273828137935,16644.826171862063,66.67115129377103,73.85086439467315,,,,
2024-04-29,20202,20597,20120,20382,19003.5,21248.965965005948,16758.034034994052,68.1490042247344,74.0751292575236,,,,
2024-05-06,20366,20828,20333,20812,19166.1,21440.689712453735,16891.51028754626,71.03605570168095,74.43843604378802,,,,
2024-05-13,20834,21557,20826,21335,19339.35,21718.119957351955,16960.580042648042,74.10990817743844,75.00403451833323,,,,
2024-05-20,21345,21692,21154,21568,19541.85,21955.23652312476,17128.463476875237,75.36428880049382,75.26611647935155,,,,
2024-05-27,21565,21995,21255,21288,19731.9,22065.41339400479,17398.386605995212,70.91760161126624,75.04428096772014,,,,
2024-06-03,21293,21961,21130,21894,19942.9,22257.01874371211,17628.781256287893,74.43353710175445,75.04454515682127,,,,
2024-06-11,21894,22513,21647,22510,20168.45,22558.827666813315,17778.072333186687,77.42164179086046,74.85148189632783,,,,
2024-06-17,22500,23400,22363,23207,20424.6,22960.152200212022,17889.047799787975,80.236325520423,74.96619640872616,,,,
2024-06-24,23201,23215,22409,22980,20668.35,23202.37322601827,18134.326773981727,76.8750774008488,74.63506965658857,,,,
2024-07-01,22980,23697,22717,23571,20914.95,23568.146296921823,18261.75370307818,79.30574536104325,74.46348512791266,,,,
2024-07-08,23577,24449,23462,23814,21160.05,23930.914664685017,18389.18533531498,80.22607155503198,74.32944756695915,,,,
2024-07-15,23826,24185,22851,22907,21357.35,24034.13622792337,18680.563772076628,68.05954205114001,73.18135222616262,,,,
2024-07-22,22878,23008,21918,22096,21472.45,24067.15626275879,18877.743737241213,59.387097398976856,73.0137891421046,,,,
2024-07-29,22081,22728,21508,21526,21562.35,24030.573026794846,19094.12697320515,54.163190395655654,72.12036336366779,,,,
2024-08-05,21488,21592,18827,21483,21624.5,24017.868295937747,19231.131704062253,53.77887012232407,71.09392521349562,,,,
2024-08-12,21505,22445,21334,22365,21728.85,24059.453293141127,19398.24670685887,60.041827885776364,70.3086232266453,,,,
2024-08-19,22360,22579,21766,22123,21817.45,24065.046180366855,19569.853819633146,57.73042759432261,69.13866032785131,,,,
2024-08-26,22119,22553,21885,22318,21895.7,24098.129485817848,19693.270514182153,59.09684076692156,67.97669975402472,,,,
2024-09-02,22322,22447,20827,21316,21983.55,23931.626535970816,20035.473464029183,50.12947060452089,66.49183325354292,,,,
2024-09-09,21303,21894,20549,21815,22065.5,23831.95786816445,20299.04213183555,53.88251702501793,65.02390324806173,,,,
2024-09-16,21790,22434,21605,22216,22157.2,23746.046575349497,20568.353424650504,56.702407354763984,63.5439579311977,,,,
2024-09-23,22225,23395,22099,22892,22261.2,23753.595068338047,20768.804931661954,61.02854424647778,62.17197355448733,,,,
2024-09-30,22868,22983,21888,22288,22308.85,23739.49157286169,20878.208427138306,55.675784187248475,60.65773832494445,,,,
2024-10-07,22320,23048,22236,22911,22376,23787.185317383937,20964.814682616063,59.61079443776824,59.25095611613909,,,,
2024-10-14,22910,23988,22816,23657,22494.45,23918.095247243837,21070.804752756165,63.75968719431944,58.07478580465962,,,,
2024-10-21,23685,23883,23133,23476,22573.55,24030.367967352184,21116.732032647815,62.09307521877523,57.64860960234785,,,,
2024-10-28,23464,23709,22691,22767,22586.4,24045.281407106075,21127.518592893928,55.92631747549325,57.40141103638473,,,,
2024-11-04,22756,23796,22692,23774,22614.75,24141.239420205737,21088.260579794263,61.738550946521556,57.94250821858943,,,,
2024-11-11,23768,23840,22570,22762,22603.85,24122.846283734845,21084.853716265152,54.02748854934395,57.96026667766228,,,,
2024-11-18,22732,23067,22339,23032,22576.9,24044.561800279484,21109.23819972052,55.62010780875418,57.64442952930356,,,,
2024-11-25,23063,23285,22003,22307,22501.55,23857.944702879715,21145.155297120284,50.55555035781213,57.13193829812423,,,,
2024-12-02,22300,23454,22160,23180,22515.2,23892.967121105743,21137.43287889426,55.77729790602371,56.894828093774386,,,,
2024-12-09,23209,23477,22800,22984,22559.6,23937.702231331357,21181.49776866864,54.38852225220083,57.19904606860866,,,,
2024-12-16,23016,23386,22589,22631,22614.85,23908.801046214816,21320.89895378518,51.882973823432124,57.05622155420968,,,,
2024-12-23,22671,23450,22520,23372,22709.3,23932.845847118242,21485.754152881756,56.42132170033366,57.03614400746466,,,,
2024-12-30,23383,23395,22690,22977,22739.9,23958.072056812933,21521.72794318707,53.523275790792226,56.500053403487115,,,,
2025-01-06,22972,23993,22939,23058,22786.65,23978.004401511032,21595.29559848897,54.04455640550569,56.38353713336263,,,,
2025-01-13,23029,23529,22316,23188,22830.15,24013.385441490787,21646.914558509216,54.91848822591319,56.04837240394441,,,,
2025-01-20,23213,23720,23171,23689,22948.8,23965.03296541703,21932.567034582968,58.216304767409106,55.65241651630796,,,,
2025-02-03,23661,23842,22550,23428,23029.45,23921.37925167861,22137.520748321393,55.921253540930266,55.21157211074761,,,,
2025-02-10,23431,23536,23116,23180,23077.65,23889.09174775507,22266.208252244935,53.75282603745851,55.05632272231656,,,,
2025-02-17,23163,23759,23065,23743,23120.2,23976.261119313258,22264.138880686744,57.757431398517845,54.771957040316295,,,,
2025-02-24,23767,23783,23050,23189,23165.25,23931.51232453387,22398.98767546613,52.90297429467609,54.691634593554305,,,,
2025-03-03,23205,23309,22109,22523,23145.85,23955.307169960415,22336.392830039582,47.71134575485294,54.12672301827565,,,,
2025-03-10,22456,22629,21661,21962,23061.1,23985.51114229561,22136.688857704386,43.81119053057663,53.64498303061597,,,,
2025-03-17,21962,22438,21925,22181,22996.35,23975.253728668056,22017.44627133194,45.678007972808444,52.923605178243456,,,,
2025-03-24,22202,22444,21484,21599,22937.95,24088.865891800902,21787.0341081991,41.71180816382484,52.01812560050231,,,,
2025-03-31,21577,21644,20688,21296,22814.05,24103.471028989425,21524.628971010574,39.77544501965595,51.1533021145183,,,,
2025-04-07,21302,21668,17015,19543,22653.1,24576.222138606965,20729.977861393032,30.85195963191704,49.32691910963139,,,,
2025-04-14,19543,19981,19002,19334,22468.2,24863.240425546064,20073.159574453937,29.98814970031077,47.64583867459701,,,,
2025-04-21,19347,20008,18752,19873,22346.5,24995.800020760184,19697.199979239816,35.03954827415863,46.28833809378649,,,,
2025-04-28,19897,20710,19752,20682,22221.6,24936.66135473958,19506.538645260418,41.82419057970502,45.35303111905734,,,,
2025-05-05,20650,20900,20139,20845,22114.65,24869.384054314465,19359.915945685538,43.11336572887666,44.27424975916217,,,,
2025-05-12,20863,21889,20728,21823,22074.25,24821.197314747766,19327.302685252234,50.23858373665379,43.86834477314242,,,,
2025-05-19,21806,21931,21332,21466,21978.95,24670.892382370017,19287.007617629984,47.881010102103644,43.448929349188504,,,,
2025-05-26,21450,21615,21072,21317,21895.95,24561.923103765286,19229.976896234715,46.891936118212115,42.67282254345238,,,,
2025-06-02,21290,21752,20790,21566,21821.35,24436.087713423694,19206.612286576303,48.79551652658755,42.379432702874624,,,,
2025-06-09,21579,22491,21534,21940,21758.95,24298.742784854676,19219.157215145326,51.60158848486704,42.657307183589914,,,,
2025-06-16,21961,22277,21468,21650,21657,24037.40492353715,19276.59507646285,49.34354530079092,43.05247538146237,,,,
2025-06-23,21650,22264,21206,22122,21591.7,23842.30614946279,19341.09385053721,52.95213709600993,43.57205603311962,,,,
2025-06-30,22098,22875,22012,22436,21554.5,23721.922847531132,19387.077152468868,55.23667134070282,44.5381176886109,,,,
2025-07-07,22423,22772,22142,22767,21505.7,23511.770995752624,19499.629004247377,57.57529139045089,45.80953528652483,,,,
2025-07-14,22741,23414,22461,23260,21509.25,23527.438383179306,19491.061616820694,60.85557101295533,47.95265038517042,,,,
2025-07-21,23277,23407,22862,23237,21544.95,23656.696336565943,19433.20366343406,60.62008012668157,50.14064541562548,,,,
2025-07-28,23238,23683,23021,23345,21614.1,23862.12036467648,19366.079635323516,61.3758904942847,52.02181271706305,,,,
2025-08-04,23290,24132,22980,23953,21702.7,24162.783583945882,19242.61641605412,65.40173373807862,53.70592294266117,,,,
2025-08-11,23928,24439,23833,24297,21837.6,24543.731364143336,19131.46863585666,67.46783182788751,55.44552766401908,,,,
2025-08-18,24314,24462,23529,23750,21960.3,24777.340013915324,19143.259986084675,61.208579396707854,56.22909878259437,,,,
2025-08-25,23720,24496,23708,24268,22196.55,24954.97095953465,19438.12904046535,64.5615345004413,57.420564811047065,,,,
2025-09-01,24250,24428,23690,24424,22451.05,25040.118054339262,19861.981945660737,65.52789545463423,58.75170476364864,,,,
2025-09-08,24438,25475,24289,25458,22730.3,25351.450976193482,20109.149023806516,71.14449833509249,60.348060607113275,,,,
2025-09-15,25434,25888,25270,25670,22979.7,25720.30059840902,20239.099401590982,72.14653843524665,61.8155570321404,,,,
2025-09-22,25669,26544,25500,25660,23220.45,26014.096754691807,20426.803245308194,72.01949408357763,63.43526765948231,,,,
2025-09-30,25652,26764,25566,26736,23466.1,26571.632411680872,20360.567588319125,76.76134418545615,65.13592530872846,,,,
2025-10-07,26777,27456,26632,27338,23759.7,27150.536126975156,20368.863873024846,78.91436328014792,66.82718901868883,,,,
2025-10-13,27352,27878,26380,27328,24060.25,27594.319149012226,20526.180850987774,78.78378771126998,68.34208161303305,,,,
2025-10-20,27260,28036,27037,27556,24359.75,28010.8650009278,20708.6349990722,79.61210694711859,69.681834179759,,,,
2025-10-27,27615,28589,27495,28430,24684.25,28563.913484118177,20804.586515881823,82.44197859392236,71.24054121313333,,,,
2025-11-03,28430,28595,27414,27721,24987.8,28820.06484471,21155.53515529,73.52625999591434,72.10842474896403,,,,
2025-11-10,27760,28180,27155,27404,25251.9,28984.49978567216,21519.300214327843,69.8870878410875,72.42880718489323,,,,
2025-11-17,27389,27692,26396,26476,25453.9,28987.016295849848,21920.783704150155,60.45391196211253,71.92781290876646,,,,
2025-11-24,26488,27855,26246,27737,25702.4,29142.534381096106,22262.265618903897,66.97669981613754,72.33982151015428,,,,
2025-12-01,27740,28018,27401,28010,25939.9,29328.238761103952,22551.56123889605,68.19960960247728,72.59968401744257,,,,
2025-12-08,28025,28699,27972,28290,26192.55,29489.362368030736,22895.737631969263,69.44922466739366,72.8797789612111,,,,
2025-12-15,28279,28335,27348,27897,26420.15,29521.937631350633,23318.36236864937,65.55544161608493,72.48056062413913,,,,
2025-12-22,27888,28714,27869,28677,26656.35,29689.373789883688,23623.32621011631,69.24145473047206,72.27305464522667,,,,
2025-12-29,28663,29499,28616,29479,26915.45,29983.16351172173,23847.73648827827,72.5000646610209,72.30738111504404,,,,
2026-01-05,29500,30676,29463,30453,27250.6,30326.37654584994,24174.823454150057,75.84672666642473,72.2420512922561,,,,
2026-01-12,30468,31541,30417,31476,27611,30887.044749389086,24334.955250610914,78.76918428276346,72.23168136387149,,,,
2026-01-19,31486,32166,31207,32159,27997.75,31496.268822301776,24499.231177698224,80.46836862613763,72.35200857207631,,,,
2026-01-26,32181,33152,31993,32252,28337.45,32093.47345439956,24581.426545600443,80.69493322600783,72.42935330628269,,,,
2026-02-02,32107,32612,31222,31789,28643.4,32476.52824726748,24810.271752732522,75.97017707757766,71.96708176940093,,,,
2026-02-09,31838,33984,31753,33980,29059.4,33292.17367219174,24826.62632780826,81.49255054881087,72.53610252317925,,,,
2026-02-23,33788,35775,33738,35611,29503.15,34466.39205635788,24539.907943642123,84.37180637181623,73.57072527537416,,,,
2026-03-02,35640,35878,32680,33703,29821.4,35000.088304966805,24642.7116950332,70.54534255895182,74.29154174657697,,,,
2026-03-09,33705,34184,31126,33304,30120.2,35377.954144118936,24862.445855881062,68.03448495256858,74.36709782775061,,,,
2026-03-16,33055,34734,32679,33559,30420.35,35743.28747004419,25097.41252995581,68.79880789000248,74.40989770543099,,,,
2026-03-23,33411,34025,32100,33126,30655.15,36020.31066022257,25289.989339777436,65.91661855809326,74.15756869762382,,,,
2026-03-30,33048,33881,31742,32505,30894.35,36140.16967951631,25648.53032048369,61.91075562522772,73.89723398399117,,,,
2026-04-07,32598,35578,32190,35569,31302.6,36667.85057755933,25937.34942244067,71.20800964540757,74.03770219220084,,,,
2026-04-13,35510,37666,35205,37078,31832.7,37280.059474093825,26385.340525906173,74.50819336542439,74.18113995680109,,,,
2026-04-20,37031,39242,37031,39222,32406.95,38400.28564803441,26413.61435196559,78.3119085467547,74.35722437682466,,,,
2026-04-27,39258,40449,39120,39342,32973.55,39328.72740035626,26618.37259964374,78.50523056205984,74.33837053963154,,,,
2026-05-04,39385,42554,39373,41931,33655.6,40739.91824242813,26571.281757571865,82.19315802432807,74.46156978235943,,,,
2026-05-11,41999,42365,41015,41026,34312.05,41571.25952928071,27052.8404707193,77.20655316900636,74.2123997782879,,,,